StartDate,EndDate,Status,IPAddress,Progress,Duration (in seconds),Finished,RecordedDate,ResponseId,RecipientLastName,RecipientFirstName,RecipientEmail,ExternalReference,LocationLatitude,LocationLongitude,DistributionChannel,UserLanguage,Teilnahmebedingungen,age,gender,gender_3_TEXT,edu,edu_8_TEXT,jobtype,income,SD6,SD7,urban,SD8,SM1_1,SM1_2,SM1_3,SM1_4,SM1_5,SM1_6,SM1_7,SM1_7_TEXT,SM2_1,SM2_2,SM2_3,SM2_4,SM2_5,SM2_6,SM2_6_TEXT,SM3,CCS1,CCS2,CCS3,CCS4,freq_transport_1,freq_transport_2,freq_transport_3,freq_transport_4,freq_transport_5,freq_transport_6,freq_transport_7,like_transport_1,like_transport_2,like_transport_3,like_transport_4,like_transport_5,like_transport_6,like_transport_7,BFE1,BFA1,BFC1,BFN1,BFO1,BFE2,BFA2,BFC2,BFN2,BFO2,BFA3,BFE3,BFC3,BFN3,BFO3,IC1,IC2,EC1,EC2,CCBI1,CCBI5,CCBI2,CCBI3,CCBI4,CCBI6,CCSKN,CCKN1,CCKN2,CCKN3,CCKN4,CCKN5,CCKN6,CCDI1,CCDI2,CCDI3,CCDI4,CCDI5,CCDI6,CCDI7,CCDI8,CCDI9,CCTB1,CCTB2,CCTB3,CCTB4,CCTB5,CCTB6,CCRB1,CCRB2,CCRB3,CCRB4,CCRB5,CCRB6,CCRB7,CCRB8,CCRB9,CCRB10,CCRB11,CCRB12,CCPN1,CCPN2,CCPN3,CCIN1,CCIN2,CCIN3,CCIN4,CCDN1,CCDN2,CCDN3,CCDN4,orientation1_1,orientation1_2,orientation1_3,orientation1_4,orientation1_5,orientation1_6,orientation1_7,orientation1_8,orientation1_8_TEXT,orientation2_1,orientation2_2,orientation2_3,orientation2_4,activism1,activism2,sciencescepticism_1,sciencescepticism_2,sciencescepticism_3,Anmerkungen,gid
Anfangsdatum,Enddatum,Antworttyp,IP-Adresse,Aktueller Stand,Dauer (in Sekunden),Beendet,Erfassungsdatum,Antwort-ID,Nachname des Empfängers,Vorname des Empfängers,E-Mail des Empfängers,Externe Datenreferenz,Breitengrad des Standorts,Längengrad des Standorts,Verteilungskanal,Benutzersprache,"Vielen Dank, dass Sie unsere Befragung unterstützen. Wir untersuchen, was Menschen dazu bringt, ihr Verhalten zu ändern. Dabei geht es um Verhalten im Kontext des Klimawandels.

 

Die Befragung besteht aus Fragen zu Ihrem Verhalten und Ihren Einstellungen. Bitte füllen Sie die Umfrage vollständig aus. Dabei gibt es keine falschen oder richtigen Antworten. Es ist nur Ihre persönliche Meinung gefragt. Die gesamte Umfrage dauert etwa 15 bis 20 Minuten.

 

Die Teilnahme an der Befragung ist freiwillig. Sie können jederzeit während dem Ausfüllen von der Teilnahme zurücktreten, indem Sie den Browser-Tab mit der Umfrage schließen. Nach abgeschlossener Teilnahme sind aus den Daten keine Rückschlüsse auf Ihre Person möglich. Die Daten werden zeitlich unbegrenzt und verschlüsselt auf sicheren Datenträgern gespeichert und unterliegen dem deutschen Bundesdatenschutzgesetz. Sie werden anonymisiert gespeichert und ausgewertet. Zugriff haben nur der Studienleiter und die Projektmitarbeitenden. Da die Erhebung anonym ist, ist es nicht möglich, die Daten nachträglich zu löschen. Um an der Umfrage teilzunehmen, müssen Sie volljährig sein.

 

Bei Rückfragen wenden Sie sich bitte an hildebrandt@comm.rwth-aachen.de

 

Studienleiter:

Julian Romeo Hildebrandt, M.Sc., M.A.Laura Halbey, M.A.

Lehrstuhl für Communication Science

Campus-Boulevard 57

52074 Aachen

 

Wenn Sie möchten, können Sie sich diese Informationen hier für Ihre Unterlagen ausdrucken.","Wie alt
  sind Sie (in Jahren)?",Welches Geschlecht haben Sie? - Selected Choice,"Welches Geschlecht haben Sie? - ein anderes Geschlecht, und zwar – Text","Was ist
  der höchste Bildungsabschluss, den Sie erlangt haben? - Selected Choice","Was ist
  der höchste Bildungsabschluss, den Sie erlangt haben? - einen anderen Bildungsabschluss, und zwar – Text","Was beschreibt Ihre berufliche
  Situation am besten?","Wie hoch
  ist das durchschnittliche monatliche Nettoeinkommen Ihres Haushalts
  insgesamt?","Wie viele Personen leben in Ihrem Haushalt, Sie eingeschlossen? Denken Sie dabei auch an im Haushalt lebende Kinder.","Sie haben angegeben, dass [QID250-ChoiceTextEntryValue] Personen in Ihrem Haushalt leben. Wie viele davon sind jünger als 14 Jahre?",Wie urban wohnen Sie aktuell?,In welchem Kreis oder Bezirk leben Sie aktuell?,Wie oft nutzen Sie die folgenden sozialen Netzwerke? - Instagram,Wie oft nutzen Sie die folgenden sozialen Netzwerke? - Facebook,Wie oft nutzen Sie die folgenden sozialen Netzwerke? - Youtube,Wie oft nutzen Sie die folgenden sozialen Netzwerke? - TikTok,Wie oft nutzen Sie die folgenden sozialen Netzwerke? - LinkedIn,Wie oft nutzen Sie die folgenden sozialen Netzwerke? - Twitter / X,Wie oft nutzen Sie die folgenden sozialen Netzwerke? - Sonstige (bitte angeben),Wie oft nutzen Sie die folgenden sozialen Netzwerke? - Sonstige (bitte angeben) – Text,"Inwiefern stimmen Sie den folgenden Aussagen zu ihrem Onlineverhalten zu?

Ich nutze Social Media hauptsächlich... - ... als Informationsquelle","Inwiefern stimmen Sie den folgenden Aussagen zu ihrem Onlineverhalten zu?

Ich nutze Social Media hauptsächlich... - ... zu Unterhaltungszwecken","Inwiefern stimmen Sie den folgenden Aussagen zu ihrem Onlineverhalten zu?

Ich nutze Social Media hauptsächlich... - ... als Verbindung zu Freunden und Familie","Inwiefern stimmen Sie den folgenden Aussagen zu ihrem Onlineverhalten zu?

Ich nutze Social Media hauptsächlich... - ... im Rahmen von sozialem Engagement","Inwiefern stimmen Sie den folgenden Aussagen zu ihrem Onlineverhalten zu?

Ich nutze Social Media hauptsächlich... - ... für Aktivismus","Inwiefern stimmen Sie den folgenden Aussagen zu ihrem Onlineverhalten zu?

Ich nutze Social Media hauptsächlich... - Sonstiges (bitte angeben)","Inwiefern stimmen Sie den folgenden Aussagen zu ihrem Onlineverhalten zu?

Ich nutze Social Media hauptsächlich... - Sonstiges (bitte angeben) – Text",Social Media beeinflusst mich in meiner Meinungsbildung.,"Was
  beschreibt Ihre Ernährungsform am besten?","Wenn es um das Thema Autobesitz geht, was trifft am ehesten auf Sie zu?",Was schätzen Sie: Wie viele km haben Sie im letzten Jahr privat mit dem Auto zurückgelegt?,Und wie viele km haben Sie im letzten Jahr beruflich mit dem Auto zurückgelegt?,Welche Verkehrsmittel nutzen Sie wie häufig? - Auto (PKW),"Welche Verkehrsmittel nutzen Sie wie häufig? - Roller, Mofa, Motorrad",Welche Verkehrsmittel nutzen Sie wie häufig? - Fahrrad,Welche Verkehrsmittel nutzen Sie wie häufig? - Lastenfahrrad,Welche Verkehrsmittel nutzen Sie wie häufig? - Bus / Straßenbahn,"Welche Verkehrsmittel nutzen Sie wie häufig? - Bahn (S-Bahn, Regionalbahn, Fernverkehr)",Welche Verkehrsmittel nutzen Sie wie häufig? - Taxi,"Angenommen, Ihnen würden alle der folgenden Verkehrsmittel zur freien Verfügung stehen.
Bitte bilden Sie eine Rangfolge, welche Verkehrsmittel Sie am liebsten wählen würden. - Auto","Angenommen, Ihnen würden alle der folgenden Verkehrsmittel zur freien Verfügung stehen.
Bitte bilden Sie eine Rangfolge, welche Verkehrsmittel Sie am liebsten wählen würden. - Roller, Mofa, Motorrad","Angenommen, Ihnen würden alle der folgenden Verkehrsmittel zur freien Verfügung stehen.
Bitte bilden Sie eine Rangfolge, welche Verkehrsmittel Sie am liebsten wählen würden. - Fahrrad","Angenommen, Ihnen würden alle der folgenden Verkehrsmittel zur freien Verfügung stehen.
Bitte bilden Sie eine Rangfolge, welche Verkehrsmittel Sie am liebsten wählen würden. - Lastenfahrrad","Angenommen, Ihnen würden alle der folgenden Verkehrsmittel zur freien Verfügung stehen.
Bitte bilden Sie eine Rangfolge, welche Verkehrsmittel Sie am liebsten wählen würden. - Bus / Straßenbahn","Angenommen, Ihnen würden alle der folgenden Verkehrsmittel zur freien Verfügung stehen.
Bitte bilden Sie eine Rangfolge, welche Verkehrsmittel Sie am liebsten wählen würden. - Bahn (S-Bahn, Regionalbahn, Fernferkehr)","Angenommen, Ihnen würden alle der folgenden Verkehrsmittel zur freien Verfügung stehen.
Bitte bilden Sie eine Rangfolge, welche Verkehrsmittel Sie am liebsten wählen würden. - Taxi",Ich bin eher ruhig.,"Ich bin einfühlsam, warmherzig.",Ich bin eher unordentlich.,"Ich
  mache mir oft Sorgen.","Ich kann mich für Kunst, Musik
  und Literatur begeistern.","Ich
  neige dazu, die Führung zu übernehmen.","Ich bin manchmal unhöflich und
  schroff.","Ich
  neige dazu, Aufgaben vor mir herzuschieben.","Ich bin oft deprimiert,
  niedergeschlagen.","Mich
  interessieren abstrakte Überlegungen wenig.","Ich
  schenke anderen leicht Vertrauen, glaube an das Gute im Menschen.","Ich bin voller Energie und
  Tatendrang.","Ich bin verlässlich, auf mich
  kann man zählen.","Ich bin
  ausgeglichen, nicht leicht aus der Ruhe zu bringen.","Ich bin originell, entwickle
  neue Ideen.","Ich habe
  mein Leben selbst in der Hand.","Wenn ich mich anstrenge, werde
  ich auch Erfolg haben.","Egal ob
  privat oder im Beruf: Mein Leben wird zum großen Teil von anderen bestimmt.","Meine Pläne werden oft vom
  Schicksal durchkreuzt.","Ich plane, den Konsum tierischer Produkte wie
  Fleisch, Milch oder Eier (weiterhin) zu vermeiden.","Ich plane, (weiterhin) bewusst im Haushalt Ressourcen in Form von Wasser einzusparen.","Ich plane, (weiterhin) bewusst im Haushalt
  Energie in Form von Strom und Wärme einzusparen.","Ich plane, (weiterhin) Fahrten mit dem Auto zu vermeiden.","Allgemein plane ich, (weiterhin) Maßnahmen zum Klimaschutz zu
  ergreifen.","Ich plane, Wertstoffe (Papier, Glas, Aluminium usw.) immer zu entsprechenden Recycling-Vorrichtungen zu bringen.",Wie schätzen Sie Ihren Wissensstand über den Klimawandel ein?,Der heutige weltweite CO2-Wert in der Atmosphäre ist in den letzten 650.000 Jahren bereits vorgekommen.,"Trotz seiner sehr geringen Konzentration in der Atmosphäre trägt Lachgas zum anthropogenen Treibhauseffekt etwa 6 % bei, da seine Wirkung als Treibhausgas 298-mal stärker ist als die von CO2.",CO2 verweilt in der Regel zwischen 10 und 20 Jahren in der Atmosphäre.,"Die Erde befindet sich etwa seit 1850, also etwa seit dem Beginn der industriellen Revolution, in einer Phase der Wiedererwärmung aus der kleinen Eiszeit.","Das Ozonloch ist
  eine der wesentlichen Ursachen der globalen Erwärmung.","Große
  Vulkanausbrüche verstärken die globale Erwärmung maßgeblich.","Wissenschaftler*innen,
  die den Klimawandel erforschen, sind mehr an ihrem eigenen Fortkommen interessiert
  als am Wohlergehen der Menschen.","Die Klimaforschung handelt
  im Interesse der Menschheit.","Die
  Klimaforschung interessiert sich nicht für das Wohlergehen der Menschheit","Wenn es um das Thema
  Klimawandel geht, sind Wissenschaftler*innen grundsätzlich kompetent.","Es ist
  fraglich, wie gut Wissenschaftler*innen darin sind, den Klimawandel zu
  erforschen.","Die wissenschaftlichen Theorien
  und Empfehlungen zum Thema Klimawandel sind zweifelhaft.","Wissenschaftler*innen,
  die den Klimawandel erforschen, ignorieren Ergebnisse, die ihrer eigenen Arbeit
  widersprechen.","Wissenschaftliche Forschung zum
  Klimawandel ist oft voreingenommen.","In Bezug auf den
  Klimawandel ist die Wissenschaft ehrlich.","Im Laufe
  meines Lebens werde ich von den negativen Folgen des Klimawandels betroffen sein.","Der Klimawandel hat auf mein
  eigenes Leben keinen Einfluss.","Die
  negativen Auswirkungen des Klimawandels können mir gefährlich werden.","Der Klimawandel ist eine der
  größten Herausforderungen der Menschheit.","Der
  Klimawandel hat weitreichende negative Auswirkungen.","Es macht mir Angst, an den
  Klimawandel zu denken.","Ich bin in der Lage, den Konsum
  tierischer Produkte wie Fleisch, Milch oder Eier zu vermeiden.","Ich bin in der Lage, bewusst weniger zu heizen.","Ich bin in der Lage, Fahrten mit
  dem Auto zu vermeiden.","Den Konsum tierischer Produkte zu
  vermeiden ist wirksam.","Weniger zu heizen ist
  wirksam.","Autofahren zu vermeiden ist
  wirksam.","Wenn ich den Konsum tierischer
  Produkte vermeide, ist das für mich mit hohen zeitlichen, finanziellen
  und/oder emotionalen Kosten verbunden.","Weniger zu heizen ist für
  mich mit hohen zeitlichen, finanziellen und/oder emotionalen Kosten
  verbunden.","Wenn ich Autofahren vermeide, ist
  das für mich mit hohen zeitlichen, finanziellen und/oder emotionalen Kosten
  verbunden.","Ich bin in der Lage, Maßnahmen für
  den Klimaschutz zu ergreifen.","Klimaschutzmaßnahmen durch
  Einzelpersonen sind wirksam.","Klimaschutzmaßnahmen sind für mich
  mit hohen zeitlichen, finanziellen und/oder emotionalen Kosten verbunden.","Ich habe eine moralische
  Verpflichtung, etwas gegen den Klimawandel zu tun.","Ich finde, dass ich zum Klimaschutz beitragen sollte.","Ich finde es wichtig, dass alle Menschen das Klima schützen.","Meine
  Freund*innen finden, ich sollte mich klimafreundlich verhalten.","Meine Familie findet, ich sollte mich klimafreundlich verhalten.","Meine Kolleg*innen finden, ich sollte mich klimafreundlich verhalten.","Menschen, die mir wichtig sind, finden, dass ich mich klimafreundlich verhalten sollte.",Meine Freunde ergreifen Maßnahmen zum Klimaschutz.,Meine Familie ergreift Maßnahmen zum Klimaschutz.,Meine Kolleg*innen ergreifen Maßnahmen zum Klimaschutz.,"Die Menschen, die mir wichtig sind, ergreifen Maßnahmen zum Klimaschutz.","Wie stark sind Ihre Sympathien für die verschiedenen Parteien, die aktuell im Bundestag vertreten sind? - SPD","Wie stark sind Ihre Sympathien für die verschiedenen Parteien, die aktuell im Bundestag vertreten sind? - CDU / CSU","Wie stark sind Ihre Sympathien für die verschiedenen Parteien, die aktuell im Bundestag vertreten sind? - Bündnis 90 / Grüne","Wie stark sind Ihre Sympathien für die verschiedenen Parteien, die aktuell im Bundestag vertreten sind? - FDP","Wie stark sind Ihre Sympathien für die verschiedenen Parteien, die aktuell im Bundestag vertreten sind? - AfD","Wie stark sind Ihre Sympathien für die verschiedenen Parteien, die aktuell im Bundestag vertreten sind? - Die Linke","Wie stark sind Ihre Sympathien für die verschiedenen Parteien, die aktuell im Bundestag vertreten sind? - SSW","Wie stark sind Ihre Sympathien für die verschiedenen Parteien, die aktuell im Bundestag vertreten sind? - Andere:","Wie stark sind Ihre Sympathien für die verschiedenen Parteien, die aktuell im Bundestag vertreten sind? - Andere: – Text","Bitte bewerten Sie die folgenden Aussagen: - Wir brauchen einen radikalen politischen Wandel, um die Klimakrise zu bewältigen.",Bitte bewerten Sie die folgenden Aussagen: - Politik sollte konsequent an Nachhaltigkeits- und Klimazielen ausgerichtet werden.,"Bitte bewerten Sie die folgenden Aussagen: - Politisches Umdenken ist notwendig, um die erforderlichen Veränderungen umzusetzen.","Bitte bewerten Sie die folgenden Aussagen: - Es ist wichtig, nachhaltig zu produzieren, auch auf Kosten der Wirtschaft",Haben Sie in den letzten 24 Monaten an Demonstrationen oder Protesten für den Klimaschutz teilgenommen?,"Sind Sie in einer Klimaschutzbewegung aktiv, z.B. Fridays for Future?","Bitte bewerten Sie die folgenden Aussagen - Wissenschaft und Technik werden viele Umweltprobleme lösen, ohne dass wir unsere Lebensweise ändern müssen",Bitte bewerten Sie die folgenden Aussagen - Wir vertrauen zu sehr der Wissenschaft und der Technik und zu wenig unseren Gefühlen,"Bitte bewerten Sie die folgenden Aussagen - Das meiste, was Wissenschaft und Technik hervorgebracht haben, schadet der Umwelt",Haben Sie weitere Anmerkungen?,gid
"{""ImportId"":""startDate"",""timeZone"":""Europe/Berlin""}","{""ImportId"":""endDate"",""timeZone"":""Europe/Berlin""}","{""ImportId"":""status""}","{""ImportId"":""ipAddress""}","{""ImportId"":""progress""}","{""ImportId"":""duration""}","{""ImportId"":""finished""}","{""ImportId"":""recordedDate"",""timeZone"":""Europe/Berlin""}","{""ImportId"":""_recordId""}","{""ImportId"":""recipientLastName""}","{""ImportId"":""recipientFirstName""}","{""ImportId"":""recipientEmail""}","{""ImportId"":""externalDataReference""}","{""ImportId"":""locationLatitude""}","{""ImportId"":""locationLongitude""}","{""ImportId"":""distributionChannel""}","{""ImportId"":""userLanguage""}","{""ImportId"":""QID149""}","{""ImportId"":""QID1_TEXT""}","{""ImportId"":""QID2""}","{""ImportId"":""QID2_3_TEXT""}","{""ImportId"":""QID7""}","{""ImportId"":""QID7_8_TEXT""}","{""ImportId"":""QID8""}","{""ImportId"":""QID4""}","{""ImportId"":""QID250_TEXT""}","{""ImportId"":""QID251_TEXT""}","{""ImportId"":""QID321""}","{""ImportId"":""QID249""}","{""ImportId"":""QID311_1""}","{""ImportId"":""QID311_2""}","{""ImportId"":""QID311_3""}","{""ImportId"":""QID311_4""}","{""ImportId"":""QID311_5""}","{""ImportId"":""QID311_7""}","{""ImportId"":""QID311_6""}","{""ImportId"":""QID311_6_TEXT""}","{""ImportId"":""QID312_1""}","{""ImportId"":""QID312_2""}","{""ImportId"":""QID312_3""}","{""ImportId"":""QID312_4""}","{""ImportId"":""QID312_5""}","{""ImportId"":""QID312_6""}","{""ImportId"":""QID312_6_TEXT""}","{""ImportId"":""QID313""}","{""ImportId"":""QID151""}","{""ImportId"":""QID152""}","{""ImportId"":""QID153""}","{""ImportId"":""QID252""}","{""ImportId"":""QID319_1""}","{""ImportId"":""QID319_2""}","{""ImportId"":""QID319_3""}","{""ImportId"":""QID319_4""}","{""ImportId"":""QID319_5""}","{""ImportId"":""QID319_6""}","{""ImportId"":""QID319_7""}","{""ImportId"":""QID320_1""}","{""ImportId"":""QID320_2""}","{""ImportId"":""QID320_3""}","{""ImportId"":""QID320_4""}","{""ImportId"":""QID320_5""}","{""ImportId"":""QID320_6""}","{""ImportId"":""QID320_7""}","{""ImportId"":""QID156""}","{""ImportId"":""QID157""}","{""ImportId"":""QID158""}","{""ImportId"":""QID159""}","{""ImportId"":""QID160""}","{""ImportId"":""QID161""}","{""ImportId"":""QID162""}","{""ImportId"":""QID163""}","{""ImportId"":""QID164""}","{""ImportId"":""QID165""}","{""ImportId"":""QID254""}","{""ImportId"":""QID253""}","{""ImportId"":""QID255""}","{""ImportId"":""QID256""}","{""ImportId"":""QID257""}","{""ImportId"":""QID237""}","{""ImportId"":""QID238""}","{""ImportId"":""QID239""}","{""ImportId"":""QID240""}","{""ImportId"":""QID75""}","{""ImportId"":""QID307""}","{""ImportId"":""QID76""}","{""ImportId"":""QID77""}","{""ImportId"":""QID261""}","{""ImportId"":""QID309""}","{""ImportId"":""QID285""}","{""ImportId"":""QID144""}","{""ImportId"":""QID91""}","{""ImportId"":""QID92""}","{""ImportId"":""QID141""}","{""ImportId"":""QID272""}","{""ImportId"":""QID273""}","{""ImportId"":""QID58""}","{""ImportId"":""QID59""}","{""ImportId"":""QID60""}","{""ImportId"":""QID177""}","{""ImportId"":""QID176""}","{""ImportId"":""QID175""}","{""ImportId"":""QID174""}","{""ImportId"":""QID173""}","{""ImportId"":""QID172""}","{""ImportId"":""QID94""}","{""ImportId"":""QID95""}","{""ImportId"":""QID96""}","{""ImportId"":""QID183""}","{""ImportId"":""QID182""}","{""ImportId"":""QID181""}","{""ImportId"":""QID190""}","{""ImportId"":""QID193""}","{""ImportId"":""QID241""}","{""ImportId"":""QID191""}","{""ImportId"":""QID194""}","{""ImportId"":""QID242""}","{""ImportId"":""QID192""}","{""ImportId"":""QID195""}","{""ImportId"":""QID243""}","{""ImportId"":""QID105""}","{""ImportId"":""QID106""}","{""ImportId"":""QID107""}","{""ImportId"":""QID119""}","{""ImportId"":""QID120""}","{""ImportId"":""QID125""}","{""ImportId"":""QID121""}","{""ImportId"":""QID123""}","{""ImportId"":""QID196""}","{""ImportId"":""QID298""}","{""ImportId"":""QID295""}","{""ImportId"":""QID296""}","{""ImportId"":""QID297""}","{""ImportId"":""QID300""}","{""ImportId"":""QID314_1""}","{""ImportId"":""QID314_2""}","{""ImportId"":""QID314_3""}","{""ImportId"":""QID314_4""}","{""ImportId"":""QID314_5""}","{""ImportId"":""QID314_6""}","{""ImportId"":""QID314_7""}","{""ImportId"":""QID314_8""}","{""ImportId"":""QID314_8_TEXT""}","{""ImportId"":""QID315_1""}","{""ImportId"":""QID315_2""}","{""ImportId"":""QID315_3""}","{""ImportId"":""QID315_4""}","{""ImportId"":""QID316""}","{""ImportId"":""QID317""}","{""ImportId"":""QID318_1""}","{""ImportId"":""QID318_2""}","{""ImportId"":""QID318_3""}","{""ImportId"":""QID134_TEXT""}","{""ImportId"":""gid""}"
2023-11-24 15:51:43,2023-11-24 15:51:43,2,,100,0,1,2023-11-24 15:51:44,R_0HgmMVRvw4A0Zlc,,,,,,,test,,1,12,2,,8,"Ligula integer vel ultricies integer amet ab aenean, velit lacus arcu vehicula. Lacus, faucibus integer.",5,1,4,Dolorem urna? Tempor tempor culpa elit molestie quis bibendum temporibus vivamus fermentum.,1,1135,5,2,6,1,5,3,5,"Eros accusamus. Convallis? Diam, ultrices luctus morbi elit purus integer porta per? Nunc ridiculus porttitor.",6,2,1,5,5,4,"Justo! Consectetuer nulla diam curabitur. Massa volutpat fringilla cursus aliquam, sapien.",1,,,,,,,,,,,,,,,,,,,,,,,,,,,,,,,,,,,,,,,,,,,,,,,,,,,,,,,,,,,,,,,,,,,,,,,,,,,,,,,,,,,,,,,,,,,,,,,,,,,,,,,,,,,,
2023-11-24 15:51:44,2023-11-24 15:51:44,2,,100,0,1,2023-11-24 15:51:44,R_5sB762oadR6r7RY,,,,,,,test,,1,96,3,Ut dolor erat culpa gravida purus eget cursus. Auctor eu velit sodales vehicula.,3,,6,6,7,"Leo id blandit nullam tempora neque consequat sagittis placerat, facilisi vulputate lectus sagittis.",2,1147,6,6,6,3,5,6,1,"Risus. Vehicula tempora. Eu, nonummy in tellus donec. A malesuada molestie, vehicula fringilla quam! Eleifend.",3,5,4,6,3,2,Nullam pellentesque at porttitor fringilla. Etiam dui ante pretium sodales erat.,3,1,3,2,5,7,2,2,3,7,1,1,2,6,3,4,7,5,1,1,5,1,5,6,4,3,5,1,6,5,1,4,1,3,6,2,3,1,6,5,5,3,2,5,5,2,1,2,1,1,2,5,4,1,4,1,1,4,5,6,2,3,1,2,2,6,1,3,2,3,1,1,6,3,5,5,1,3,6,1,6,2,1,1,2,1,4,2,3,4,3,5,4,4,1,3,2,"Ultrices leo, id phasellus elementum? Ab bibendum elit metus? Proin viverra ante.",4,2,2,1,1,2,1,2,5,Integer mauris metus risus iaculis luctus accusamus tempora dolor nulla molestie? Sed a bibendum.,
2023-11-24 15:51:44,2023-11-24 15:51:44,2,,100,0,1,2023-11-24 15:51:44,R_6WN9MR901Cfr6zI,,,,,,,test,,1,69,1,,4,,6,5,3,"Sagittis malesuada quam rhoncus phasellus lorem, fringilla ultrices dictumst montes donec donec pharetra quam turpis.",1,899,5,3,3,4,6,5,5,Cras arcu. Consectetuer sollicitudin convallis commodo magna mauris justo viverra.,1,1,4,6,3,2,"Posuere vivamus maecenas pede facilisi magna, wisi per praesent erat tincidunt? Pharetra tempor potenti.",4,3,2,7,1,5,4,3,5,4,2,5,7,5,3,6,1,2,4,5,2,4,1,6,2,5,6,6,6,6,1,4,2,2,1,4,6,6,1,3,6,1,6,4,5,3,3,2,2,1,3,6,2,2,6,4,1,4,3,6,3,1,2,4,5,1,2,5,5,2,3,1,6,1,2,3,1,1,4,5,4,5,4,1,4,3,1,6,4,5,1,3,4,4,4,1,5,Elementum elementum quis ullamcorper aenean. Vivamus sit elementum elementum morbi fringilla consequat donec facilisis felis.,6,4,2,6,1,1,6,4,2,Dapibus convallis aenean dolor non cursus odio lacus posuere. Velit? Nibh wisi. Eget convallis pharetra.,
2023-11-24 15:51:45,2023-11-24 15:51:45,2,,100,0,1,2023-11-24 15:51:45,R_414kTeRyoBU25yS,,,,,,,test,,1,3,2,,3,,3,1,2,Massa. Porta natoque ridiculus ridiculus primis ante blandit sed ligula lectus vehicula ipsum interdum dolorem.,3,974,4,2,1,6,5,1,2,Mattis molestie potenti. Facilisis lectus facilisi! Luctus ipsum risus urna ligula primis pede nec velit.,6,6,2,4,6,5,Dictumst egestas sodales nibh euismod augue ab atque integer suscipit vivamus culpa lorem risus temporibus.,6,,,,,,,,,,,,,,,,,,,,,,,,,,,,,,,,,,,,,,,,,,,,,,,,,,,,,,,,,,,,,,,,,,,,,,,,,,,,,,,,,,,,,,,,,,,,,,,,,,,,,,,,,,,,
2023-11-24 15:51:45,2023-11-24 15:51:45,2,,100,0,1,2023-11-24 15:51:45,R_8uidrk4INEiplXw,,,,,,,test,,1,94,3,Lacus etiam sem metus! Vel platea eget nec vehicula! A nec.,3,,6,4,15,"Integer posuere proin molestie? Pede, malesuada dictumst orci felis velit.",2,1040,3,4,6,2,4,3,3,"Laoreet tortor sapien, viverra dignissim mi fringilla nec tempora massa, vestibulum pharetra ante! Luctus nulla.",5,6,6,2,3,1,"Nibh volutpat aliquam wisi diam vivamus imperdiet pellentesque, tellus primis in.",2,5,2,4,2,1,2,6,1,5,1,7,3,6,7,4,5,2,1,2,3,1,4,6,3,6,2,3,3,2,5,6,3,1,5,3,2,5,1,5,3,3,1,3,2,3,2,3,2,3,1,5,2,4,6,4,5,5,3,1,5,1,5,1,2,4,3,2,5,5,3,4,2,3,2,6,4,1,3,6,6,2,2,1,4,2,4,2,1,3,4,3,2,3,1,1,5,Vitae ullamcorper vulputate risus. Platea egestas orci morbi potenti auctor etiam accusamus neque gravida! Velit.,4,1,4,6,2,2,2,5,3,"Molestie facilisis facilisi! Dui tortor sem rhoncus ridiculus mattis rutrum, dolor vestibulum vel convallis etiam.",
2023-11-24 15:51:45,2023-11-24 15:51:45,2,,100,0,1,2023-11-24 15:51:45,R_esA6OaS65a99AuW,,,,,,,test,,1,4,3,Diam magna accumsan porttitor pede quis. Placerat mi nullam purus. Bibendum.,3,,3,2,14,Facilisi pede enim praesent aenean non ac auctor commodo aenean etiam. Amet blandit eget temporibus.,1,1039,2,2,3,3,6,6,4,Faucibus. Ligula quis a wisi posuere erat sed ab bibendum massa suscipit? Volutpat ridiculus blandit.,2,5,2,5,6,3,Vehicula est a est placerat at magna primis donec dolorem maecenas turpis aenean ullamcorper.,3,,,,,,,,,,,,,,,,,,,,,,,,,,,,,,,,,,,,,,,,,,,,,,,,,,,,,,,,,,,,,,,,,,,,,,,,,,,,,,,,,,,,,,,,,,,,,,,,,,,,,,,,,,,,
2023-11-24 15:51:46,2023-11-24 15:51:46,2,,100,0,1,2023-11-24 15:51:46,R_0Vg6uhnaxlS8Wb4,,,,,,,test,,1,87,2,,7,,4,2,8,Sagittis nonummy ultrices. Etiam! Praesent? Sem nonummy risus pretium natoque praesent sollicitudin lorem.,2,818,2,5,2,4,1,3,5,Fringilla at ligula? Mattis odio duis dui! Justo at ridiculus nec.,2,1,6,5,3,1,"Etiam interdum. Suspendisse venenatis culpa et pharetra vitae odio ante, velit.",6,1,2,3,5,5,4,1,3,4,7,1,5,7,3,6,2,4,1,3,1,4,6,6,1,3,6,2,3,5,1,1,4,6,4,5,2,5,4,2,5,6,3,2,5,3,3,1,2,2,2,3,1,4,2,1,6,5,4,3,2,5,5,2,1,6,6,5,2,3,2,2,3,5,3,6,2,4,3,3,5,5,2,6,4,5,3,3,6,4,3,5,2,1,5,3,3,Fringilla atque venenatis sollicitudin culpa neque eget eros sodales natoque.,1,4,5,6,1,2,3,1,3,"Etiam, temporibus. Phasellus commodo? Iaculis! Lorem eros primis! Porttitor volutpat platea.",
2023-11-24 15:51:46,2023-11-24 15:51:46,2,,100,0,1,2023-11-24 15:51:46,R_cwkr1RNUCYbHirI,,,,,,,test,,1,34,1,,3,,4,7,2,Nullam tellus? Aenean? Tellus. Porta blandit lorem faucibus culpa praesent ligula odio suscipit porttitor.,1,1093,3,5,3,3,3,1,3,Ab suspendisse nullam elit dui tempora mi aliquam wisi sed et non? Culpa.,5,1,4,3,1,3,Elementum amet natoque leo risus est donec sagittis arcu vivamus phasellus volutpat. Suspendisse.,5,3,2,2,3,4,5,1,4,1,2,1,4,3,2,5,1,6,7,4,1,4,4,2,3,2,4,5,5,5,6,3,6,2,4,3,4,2,6,3,3,2,3,4,1,3,1,1,2,2,1,1,4,4,2,6,5,1,1,1,6,1,6,2,3,4,4,1,3,6,4,6,4,3,1,5,3,2,3,1,6,1,6,1,4,6,3,2,2,1,3,5,2,1,3,2,4,"Nulla dolor sodales dictumst sit facilisis neque per a nunc orci, nonummy, consectetuer nec.",2,4,1,1,2,2,4,5,3,"Ridiculus turpis augue non, faucibus nec porta? Diam blandit fusce tellus.",
2023-11-24 15:51:46,2023-11-24 15:51:46,2,,100,0,1,2023-11-24 15:51:46,R_02QdoszZdfmljuK,,,,,,,test,,1,94,2,,4,,4,5,10,"Ridiculus volutpat turpis atque a rhoncus interdum maecenas accumsan pretium quam, lorem morbi! Nulla.",1,1057,2,1,6,6,2,6,3,Justo gravida elementum est nullam quam luctus lacus lectus aliquam.,2,1,1,4,4,5,Commodo accumsan iaculis dolor dolor elit ab pede suscipit vestibulum enim suscipit.,3,5,3,1,6,2,1,3,1,6,1,6,6,3,4,1,7,5,2,2,2,4,6,4,4,3,6,6,3,3,1,3,5,2,1,2,2,5,2,6,4,6,5,5,5,3,2,3,1,1,2,5,2,4,1,3,2,6,6,1,3,2,1,6,3,2,2,5,2,3,3,4,4,3,5,2,3,6,4,1,1,4,3,6,3,1,5,7,2,4,2,5,3,1,2,2,4,Wisi nunc etiam. Ipsum arcu quam accusamus? Metus tempus suspendisse atque eu sit eget tempus.,2,4,4,6,1,2,2,4,3,"Nulla aliquet, neque dolorem! Erat phasellus euismod porta vehicula facilisis.",
2023-11-24 15:51:47,2023-11-24 15:51:47,2,,100,0,1,2023-11-24 15:51:47,R_7Qx7DngozoG8zYy,,,,,,,test,,1,76,1,,2,,4,5,11,Eget accusamus? Fermentum odio sem risus magna lorem. Ab risus! Blandit interdum accusamus.,3,885,3,6,5,3,2,2,6,Nibh. Elit praesent! Sem praesent? Sollicitudin venenatis amet maecenas felis.,6,3,2,1,1,5,Cras magna eget scelerisque nonummy nonummy. Commodo posuere ridiculus. Auctor phasellus! Nonummy facilisis neque.,1,4,1,3,5,3,2,5,4,1,6,6,3,6,7,4,2,5,1,2,1,4,4,4,3,6,3,5,5,2,6,4,5,3,6,1,5,2,4,1,2,1,3,2,5,1,2,3,2,3,3,4,3,1,5,3,2,2,1,1,5,2,2,1,1,3,6,1,5,2,5,2,6,5,6,2,2,6,4,2,6,6,1,6,5,4,4,6,5,5,5,3,5,4,3,3,1,"Vulputate eu turpis pellentesque, massa, sit lorem lacus elementum commodo pretium.",6,3,2,5,1,1,3,6,4,Ab nullam curabitur placerat? Mauris ipsum nullam risus mi. Commodo cursus.,
2023-11-24 15:51:47,2023-11-24 15:51:47,2,,100,0,1,2023-11-24 15:51:48,R_6P7ch7uv8ljb3vg,,,,,,,test,,1,52,2,,3,,6,8,2,"Sit primis, neque montes volutpat ac curabitur temporibus elit malesuada. Enim ipsum.",2,844,1,5,2,3,2,2,5,Dictumst rutrum aliquam dapibus etiam malesuada lacus scelerisque viverra felis! Amet molestie integer.,2,6,6,2,2,3,"Justo? Velit curabitur fusce magnis temporibus sollicitudin. In consectetuer! Sagittis mattis elementum? Ultricies lorem, sollicitudin.",6,2,3,2,1,4,6,3,2,2,4,1,7,3,6,5,1,4,2,3,4,4,3,4,3,6,2,3,3,2,1,4,5,1,6,2,4,1,2,2,5,5,5,4,2,3,1,3,3,3,1,5,2,6,5,1,3,4,4,1,3,2,6,1,3,4,4,2,4,3,1,2,6,1,3,4,4,5,2,3,5,5,5,7,6,5,1,4,5,3,2,1,2,4,5,2,4,Tincidunt dignissim maecenas per dolorem felis ridiculus platea maecenas quis culpa rhoncus.,2,5,5,4,2,1,3,5,4,Auctor nibh vivamus platea amet scelerisque rutrum. Primis fringilla! Ante.,
2023-11-24 15:51:48,2023-11-24 15:51:48,2,,100,0,1,2023-11-24 15:51:48,R_2t2I44zqSyQKsse,,,,,,,test,,1,39,1,,8,"Odio viverra ac! Morbi wisi. Turpis! Diam elementum imperdiet turpis nibh erat porta, sit.",3,3,8,Sapien mattis. Ultricies purus mattis quam ultrices atque suscipit volutpat.,1,864,6,1,1,2,3,6,3,Rhoncus magnis! Sodales risus volutpat risus magnis sodales a! Tempor turpis eget eget.,6,4,3,2,2,3,Temporibus mattis sed risus risus. Proin fusce nec vitae lectus eros? Sodales scelerisque posuere! Ut.,1,2,3,2,2,4,4,6,5,1,4,2,1,4,2,6,7,5,3,5,5,1,5,6,3,5,3,5,1,1,5,4,5,5,3,1,1,5,1,4,1,3,5,1,3,2,2,1,3,2,3,3,5,6,1,4,6,4,6,2,6,6,3,1,4,2,1,2,5,6,5,4,5,4,5,5,2,1,2,3,2,6,5,1,1,5,4,7,3,3,4,4,5,5,5,1,1,"Dolor tempora odio aenean laoreet sapien, ridiculus accusamus. Rutrum primis dignissim turpis, euismod.",4,2,6,6,1,2,2,3,2,"Ligula arcu, tellus massa nunc vivamus sodales magna cursus ligula sodales velit mi porttitor.",
2023-11-24 15:51:48,2023-11-24 15:51:48,2,,100,0,1,2023-11-24 15:51:48,R_9zeZ5Vaz5huN6dw,,,,,,,test,,1,19,3,Viverra tempus integer porta cras eleifend nonummy auctor cursus. Tempora primis sagittis vulputate natoque.,2,,2,8,14,"Laoreet, in justo non posuere tempus imperdiet magnis sed elit in facilisis dui cursus.",2,951,6,4,2,2,4,5,6,Ultricies vehicula eros erat diam culpa arcu. Suscipit consequat ultricies.,1,1,4,2,1,4,In eleifend dapibus suscipit arcu risus consequat convallis phasellus faucibus.,3,5,1,5,7,7,6,7,7,4,4,3,3,7,2,1,4,5,6,3,6,6,4,1,5,5,4,5,4,3,6,2,5,1,1,6,5,5,5,6,5,4,4,4,6,1,3,3,3,3,1,3,5,3,6,5,5,2,2,4,1,2,5,5,6,6,2,4,4,2,2,4,2,1,2,3,3,6,1,4,1,5,6,4,5,3,5,2,6,2,5,1,3,2,3,3,2,"Nullam ultrices facilisi, bibendum, posuere mattis malesuada amet vehicula natoque.",6,1,2,1,1,2,6,1,1,Accusamus cursus augue porta? Velit sit auctor velit at! Convallis lacus interdum bibendum.,
2023-11-24 15:51:49,2023-11-24 15:51:49,2,,100,0,1,2023-11-24 15:51:49,R_4248Z3tdqrchj94,,,,,,,test,,1,46,3,"Sollicitudin? Eget orci! Dolor sem. Mattis, eros nec donec vestibulum.",8,Iaculis scelerisque leo tempor non lectus sed? Risus ridiculus? Elementum. Ligula nonummy.,6,10,9,"Egestas ac maecenas maecenas elementum justo? Culpa, egestas auctor! Tempor quis ut viverra.",1,937,1,3,3,1,6,4,1,"Maecenas duis malesuada! Purus elementum culpa et natoque urna blandit facilisi? Placerat accusamus, gravida.",2,1,2,5,5,1,Odio facilisis facilisi morbi magnis orci augue in. Pharetra lectus fusce.,2,3,1,7,3,7,6,6,4,7,2,2,6,1,4,2,7,5,3,3,1,2,3,5,5,1,2,5,5,2,5,1,1,3,2,6,3,2,2,3,5,5,4,5,4,2,1,3,1,2,2,2,6,4,5,1,4,4,6,4,6,1,2,2,1,3,2,2,1,5,6,1,1,4,5,3,3,5,2,5,2,4,3,1,3,2,2,1,5,4,1,2,3,3,4,3,1,Massa odio eros. Fringilla rutrum praesent iaculis orci et aliquet massa bibendum orci! Vivamus.,1,2,6,3,1,2,6,5,4,"Dui luctus porta fusce temporibus purus. Elit tempora purus augue, purus convallis pharetra.",
2023-11-24 15:51:49,2023-11-24 15:51:49,2,,100,0,1,2023-11-24 15:51:49,R_eEcj5Uyod0FVyZ0,,,,,,,test,,1,61,1,,1,,4,2,9,"Vitae praesent accusamus enim sollicitudin primis erat. Donec? Purus augue consectetuer, augue auctor? Magna.",2,988,1,4,4,2,2,5,5,"Atque, integer in sed dolorem massa. Cras vitae metus! Phasellus gravida eros wisi facilisis potenti.",2,5,4,2,2,3,Porttitor est ultrices metus diam volutpat faucibus facilisi dignissim? Facilisi! Elementum quam magnis mauris.,4,2,3,2,2,5,3,3,5,1,2,2,3,6,2,4,1,5,7,4,3,2,6,5,5,2,2,2,1,5,2,6,4,6,3,3,5,3,1,6,1,5,6,3,1,1,2,2,2,3,2,2,3,2,3,6,6,1,1,3,4,1,4,5,4,5,1,4,4,1,2,5,5,5,3,2,2,3,4,1,4,5,4,7,1,6,5,6,6,1,1,5,3,1,5,2,4,Accusamus. Eget non maecenas dui ut magnis molestie curabitur etiam et mi sit. Tempora.,6,1,1,4,1,1,5,1,6,Elementum at gravida natoque platea non pellentesque convallis felis magna convallis proin vel.,
2023-11-24 15:51:49,2023-11-24 15:51:49,2,,100,0,1,2023-11-24 15:51:49,R_d42vNWG0xAQ3kxw,,,,,,,test,,1,5,2,,5,,2,7,12,Porta justo magna pellentesque malesuada sodales urna? Culpa rhoncus tincidunt dapibus mi et gravida.,3,1109,5,3,6,4,1,6,1,"Non pede augue eros sapien. Amet? Maecenas rutrum eleifend! Massa, temporibus molestie consequat pede imperdiet.",1,5,4,1,5,1,Donec ac cursus potenti consequat bibendum odio bibendum mattis est.,4,,,,,,,,,,,,,,,,,,,,,,,,,,,,,,,,,,,,,,,,,,,,,,,,,,,,,,,,,,,,,,,,,,,,,,,,,,,,,,,,,,,,,,,,,,,,,,,,,,,,,,,,,,,,
2023-11-24 15:51:50,2023-11-24 15:51:50,2,,100,0,1,2023-11-24 15:51:50,R_9M2tMwIw3LYXANw,,,,,,,test,,1,94,2,,5,,1,5,13,"Dolorem viverra felis eu facilisi ridiculus. Mi bibendum curabitur laoreet, eu tempus orci.",2,902,1,1,6,4,5,1,5,Molestie quam luctus bibendum sollicitudin vel cursus. Sodales massa? Bibendum.,4,3,5,6,2,2,Et tortor pharetra porta gravida convallis faucibus sapien diam montes. In! Eu.,5,5,1,3,6,4,2,7,1,2,1,7,1,5,7,3,2,4,6,4,5,3,5,3,5,5,5,4,2,2,2,2,5,3,6,2,2,4,3,6,5,2,4,1,2,2,2,2,2,2,1,5,1,1,4,5,5,5,4,1,6,3,5,2,4,2,3,2,2,4,4,2,2,3,2,4,4,3,2,4,5,3,2,4,5,1,1,5,3,1,5,4,3,3,1,4,3,"Mauris fusce mattis faucibus pretium, eget et, orci placerat consectetuer.",6,3,3,1,2,2,5,1,2,Cursus purus ullamcorper sapien commodo tempus potenti luctus pharetra lectus laoreet? Malesuada! Donec vestibulum volutpat.,
2023-11-24 15:51:50,2023-11-24 15:51:50,2,,100,0,1,2023-11-24 15:51:50,R_cI64U1qjzckHaDk,,,,,,,test,,1,41,1,,1,,4,12,7,Blandit tempora metus erat! Neque tempora placerat. Tortor? Tellus ab id montes pellentesque aliquam.,3,856,1,5,2,5,1,5,5,Pellentesque suscipit! At cursus ut est in fusce pharetra velit in.,6,4,4,3,3,2,Tempor ac dictumst elit risus integer. Cras. Tempor metus nibh magnis primis. Phasellus ultricies.,1,6,2,1,3,2,5,5,6,5,2,6,3,2,4,5,6,1,7,2,1,1,1,1,5,1,2,5,6,6,6,2,3,1,1,4,5,5,3,3,1,3,2,5,2,3,3,1,3,3,1,6,2,1,3,6,5,5,2,5,3,5,4,4,2,6,2,1,6,1,2,6,6,6,4,2,5,3,5,5,5,6,4,4,5,6,2,7,4,1,1,2,5,2,4,2,2,Platea sem fermentum integer ut. Donec metus dolorem magna lorem.,1,1,1,5,2,1,2,5,2,"Pretium, porta nonummy, nonummy commodo vehicula, vestibulum fermentum. Odio quam ullamcorper orci.",
2023-11-24 15:51:51,2023-11-24 15:51:51,2,,100,0,1,2023-11-24 15:51:51,R_4PxMw1VH3xMl4s6,,,,,,,test,,1,32,3,"Pede eros, sed magna sodales sagittis pede tellus! Ultrices nibh vestibulum etiam.",3,,3,5,9,Egestas rutrum vivamus lorem! Id. Et dictumst. Dignissim maecenas. Venenatis donec pellentesque bibendum arcu.,2,1039,5,4,2,1,5,5,3,Interdum! Consequat eros at est molestie mattis felis suscipit turpis pharetra orci leo magna.,3,3,1,5,3,5,"Lorem vitae, justo sapien amet consectetuer ante vehicula vestibulum sodales? At laoreet.",4,5,2,3,7,7,1,3,6,7,1,7,1,3,4,6,5,7,2,3,1,2,4,2,3,2,6,3,4,4,6,1,1,2,5,3,2,3,4,6,5,3,2,6,3,3,2,1,3,1,2,4,5,2,1,5,5,6,2,5,5,3,4,6,4,6,1,3,6,6,2,4,4,3,3,1,3,2,3,5,5,2,5,2,1,2,6,6,4,5,3,5,4,5,2,1,1,Id massa orci nulla massa nec scelerisque convallis! Nec dui morbi. Integer eros.,1,6,5,1,1,2,5,6,4,"Cras praesent elit pede dolorem, purus aliquam sodales praesent? Nibh.",
2023-11-24 15:51:51,2023-11-24 15:51:51,2,,100,0,1,2023-11-24 15:51:51,R_0wRHbB6fCrdvY7Y,,,,,,,test,,1,17,1,,4,,2,6,4,Ultricies. Elementum ullamcorper odio nunc placerat commodo eros lectus nunc. Vestibulum. Cras.,3,891,4,5,4,4,3,4,3,"Natoque vehicula fusce faucibus. Venenatis. Orci aliquam, nec velit vel, cras primis a metus.",4,1,3,4,6,4,"Lectus tellus! Rhoncus aenean, venenatis lectus porta a facilisis ullamcorper nibh.",5,,,,,,,,,,,,,,,,,,,,,,,,,,,,,,,,,,,,,,,,,,,,,,,,,,,,,,,,,,,,,,,,,,,,,,,,,,,,,,,,,,,,,,,,,,,,,,,,,,,,,,,,,,,,
2023-11-24 15:51:51,2023-11-24 15:51:51,2,,100,0,1,2023-11-24 15:51:51,R_cSApVaTrDQYaKTs,,,,,,,test,,1,42,1,,7,,4,12,11,Ultrices amet accusamus eu ipsum enim. Phasellus rutrum vestibulum commodo. Per ligula amet.,1,1163,3,4,5,4,4,5,2,"Amet commodo? Pretium lacus pretium iaculis aenean, consequat etiam donec posuere aliquam.",1,3,2,3,5,5,"Diam nunc. Porttitor ab praesent tempor, diam eu nonummy leo.",1,5,2,2,5,7,1,6,4,3,3,2,4,5,6,3,1,7,2,5,5,5,2,5,6,1,2,3,5,2,6,5,4,4,4,2,3,3,4,6,1,1,1,6,4,1,1,3,1,2,3,1,3,4,3,2,4,6,5,1,1,6,3,2,6,1,2,1,6,6,3,4,6,2,5,5,3,3,3,1,5,6,3,6,2,5,1,7,2,3,5,1,3,2,4,2,3,Augue augue! Ultrices amet risus convallis sagittis platea vivamus integer ridiculus accusamus dolorem ullamcorper.,1,5,3,3,2,1,1,6,2,Scelerisque viverra donec rutrum integer magna quam diam id curabitur integer. Auctor.,
2023-11-24 15:51:52,2023-11-24 15:51:52,2,,100,0,1,2023-11-24 15:51:52,R_415NojKcMfW4huK,,,,,,,test,,1,90,1,,1,,5,10,8,Dignissim culpa dolor accumsan quis platea nunc felis. Scelerisque rutrum porttitor culpa pharetra pharetra ante.,2,1155,6,3,6,3,6,4,1,"Suscipit sagittis duis vivamus, orci magnis pellentesque, auctor vulputate accumsan! Pede, nulla.",3,3,1,3,6,1,Proin fermentum odio eleifend massa convallis curabitur. Eros. Morbi facilisis est! Potenti.,6,2,3,5,7,6,3,1,1,5,3,6,6,2,7,3,5,4,1,4,4,1,1,5,4,3,2,4,1,5,4,6,5,3,4,6,6,1,5,2,1,1,4,2,3,2,1,2,2,2,1,2,6,6,6,5,4,5,4,5,5,4,4,3,5,5,2,3,2,1,3,6,6,1,2,5,6,1,6,1,1,6,4,3,5,5,1,3,6,2,3,5,2,3,5,5,1,"Commodo magna vivamus, lacus elit culpa purus sollicitudin. Nibh odio. Temporibus! Porta facilisi dictumst.",5,3,5,2,1,1,4,4,2,Eros porttitor donec. Leo orci vel? Rutrum purus consectetuer dolor metus velit? Tempus.,
2023-11-24 15:51:52,2023-11-24 15:51:52,2,,100,0,1,2023-11-24 15:51:52,R_5hvcj6O1qs7rRTo,,,,,,,test,,1,87,1,,1,,1,10,1,,2,861,6,5,1,5,3,6,5,Imperdiet. Temporibus dolor cursus atque primis consequat dapibus? Id dignissim erat.,2,6,3,1,1,3,Tincidunt tempus ridiculus nec dictumst interdum auctor ridiculus donec vehicula accusamus est.,2,2,1,3,2,1,4,6,3,7,7,6,2,6,7,4,5,3,1,5,3,6,1,6,5,4,3,4,1,2,5,4,2,4,2,4,6,6,5,3,3,5,1,6,3,3,2,2,1,3,2,4,1,5,2,6,4,6,4,1,4,6,1,6,2,4,1,4,2,5,1,5,2,1,3,1,2,1,2,6,5,3,3,3,1,4,5,4,1,3,1,4,4,5,3,1,4,Eget quis orci eleifend eleifend lacus tempora quam facilisi tempus.,4,3,4,6,2,1,4,5,2,Malesuada amet mauris eget massa eu integer! Sollicitudin molestie fringilla. Atque tempus.,
2023-11-24 15:51:52,2023-11-24 15:51:53,2,,100,1,1,2023-11-24 15:51:53,R_elLm8FRhSdVXPee,,,,,,,test,,1,30,1,,1,,4,1,4,Luctus pellentesque ultrices. Nulla blandit nullam? Convallis suspendisse! Gravida maecenas! Est? Amet.,1,954,6,5,6,3,4,2,2,Aliquam ullamcorper iaculis nonummy? Dolor. Ac et lorem! Ligula turpis dapibus? Eget dolor porta accumsan.,2,3,1,3,2,2,Consectetuer ab ab. Donec praesent vestibulum dignissim curabitur ullamcorper fringilla magnis faucibus dictumst.,6,4,3,3,7,5,7,1,5,2,5,4,6,2,1,7,4,3,5,2,1,1,5,6,2,5,1,1,5,3,2,3,1,5,3,6,6,1,2,3,2,5,3,2,3,2,2,3,2,1,3,2,2,5,1,4,3,3,6,5,1,4,4,2,3,3,2,1,4,2,3,2,6,2,5,6,2,1,6,2,3,2,4,6,4,1,1,3,4,3,5,1,1,2,1,3,4,Auctor morbi culpa eros tempora ab convallis facilisis facilisis commodo metus magna.,4,4,4,6,2,1,1,1,2,Facilisi montes pellentesque! Laoreet. Mi accumsan fringilla tempor aliquam tincidunt commodo id? Primis. Odio placerat.,
2023-11-24 15:51:53,2023-11-24 15:51:53,2,,100,0,1,2023-11-24 15:51:53,R_3kLOhgpLl2PqxNk,,,,,,,test,,1,20,2,,3,,5,6,9,"Vehicula risus! Fermentum dolor praesent iaculis. Sodales, iaculis metus consectetuer, ligula aliquam purus.",3,1010,4,3,3,5,5,1,3,Placerat primis in? Risus! Faucibus posuere nullam natoque laoreet ridiculus.,3,1,5,1,4,1,Quis ut consectetuer ridiculus dictumst pretium. Mattis rutrum nulla augue sit eget egestas a sapien.,4,6,2,3,2,7,4,7,4,5,7,1,6,7,5,3,1,4,2,1,6,5,6,6,2,5,2,3,5,5,6,4,4,4,2,6,5,5,4,5,2,4,4,5,6,2,3,1,1,2,1,2,4,1,6,1,3,5,3,1,2,5,6,2,3,1,2,6,2,5,4,4,1,5,6,2,6,1,3,3,3,4,6,6,1,2,3,2,6,3,2,4,5,2,4,1,3,Primis arcu. Interdum nec porttitor ultrices in facilisi orci massa ac ligula porttitor orci.,5,5,3,2,1,1,3,3,3,Tincidunt nunc culpa magnis elit commodo justo diam luctus leo.,
2023-11-24 15:51:53,2023-11-24 15:51:53,2,,100,0,1,2023-11-24 15:51:53,R_7R0cqa7xhCWqpO6,,,,,,,test,,1,64,2,,4,,1,9,11,Purus ultricies euismod. Vivamus rhoncus commodo vitae diam dapibus magnis.,2,855,4,1,1,3,5,6,4,"Ut wisi suspendisse malesuada vivamus nonummy ante dignissim. Scelerisque, suscipit? Suscipit vehicula montes urna.",1,1,4,4,1,4,Id. Vulputate. Venenatis cursus curabitur per nulla fringilla purus primis? Tincidunt. Eleifend mauris accusamus pharetra.,6,6,2,3,7,6,4,7,1,4,4,3,3,6,4,1,5,7,2,3,1,4,5,1,1,6,2,6,2,5,5,5,5,3,5,1,1,4,5,5,3,3,5,6,4,2,1,1,1,2,3,2,6,4,2,3,1,1,1,2,6,2,3,5,1,1,3,2,4,5,3,1,1,5,1,6,1,5,5,2,5,6,6,3,2,4,1,5,5,5,5,4,2,2,2,1,2,Integer mi. Nec consectetuer? Magnis phasellus et nibh? Vulputate turpis nec.,1,6,3,6,2,2,1,4,5,Nullam etiam quam ultrices! Eleifend suscipit proin fermentum dictumst ab ut platea facilisis vestibulum euismod.,
2023-11-24 15:51:54,2023-11-24 15:51:54,2,,100,0,1,2023-11-24 15:51:54,R_5hCuE0Q5fkSCBfM,,,,,,,test,,1,25,3,Urna! Suspendisse quam sapien suscipit luctus id mauris tellus fringilla dolor! Faucibus.,1,,1,2,15,Faucibus massa vulputate. Culpa magnis facilisis per! Accumsan. Auctor odio mi amet.,2,1109,2,5,4,5,2,2,6,Potenti lectus! Nibh? Mauris. Magna sem ligula augue est tempora. Per aliquam.,2,4,3,6,6,4,"Et sit nibh. Nullam, consectetuer morbi leo integer pellentesque! Tempus scelerisque commodo.",5,5,3,7,2,3,2,4,2,1,3,2,1,2,4,6,5,3,7,2,6,6,2,3,5,4,4,3,3,4,2,6,1,4,4,6,6,1,5,5,6,6,6,5,5,2,1,3,1,1,2,6,4,3,2,1,2,2,4,4,4,3,1,4,3,3,5,2,3,4,4,4,2,6,4,6,6,2,6,4,6,2,4,3,4,1,3,4,2,3,2,4,4,3,4,5,3,"Enim accusamus magna cursus nec porta luctus turpis interdum vehicula lectus, amet.",5,5,3,2,1,1,1,4,1,Venenatis sit urna praesent sed? Posuere atque curabitur quis. Magna at dolorem scelerisque.,
2023-11-24 15:51:54,2023-11-24 15:51:54,2,,100,0,1,2023-11-24 15:51:54,R_7PM9pBlfcr4fJIi,,,,,,,test,,1,83,1,,5,,1,8,12,Volutpat phasellus cursus fermentum faucibus et. Eget. Quis! Bibendum montes pretium.,1,810,5,1,6,3,5,4,2,Curabitur nonummy ac morbi sit. In convallis tellus tellus tempora rhoncus malesuada vitae.,4,2,6,6,6,6,Vestibulum dictumst volutpat a felis. Ligula convallis porta phasellus lorem.,5,4,2,2,7,3,7,1,3,4,6,3,6,1,3,4,5,7,2,4,6,2,2,6,3,2,4,6,5,2,1,6,6,4,6,1,6,2,1,1,4,3,6,4,6,3,2,3,3,2,1,6,6,4,6,6,1,6,3,4,5,4,5,3,2,4,4,3,1,1,2,1,2,1,3,4,5,1,1,2,6,1,3,1,1,6,3,7,1,2,5,5,3,3,3,1,5,Turpis ullamcorper elementum enim in leo orci consequat imperdiet fringilla. Porta mi magnis.,4,6,5,6,1,2,4,4,6,"Proin tempor bibendum placerat vulputate id vehicula odio. Suscipit, blandit eu! Ridiculus maecenas ipsum suspendisse.",
2023-11-24 15:51:54,2023-11-24 15:51:55,2,,100,1,1,2023-11-24 15:51:55,R_3UIVOVnrQozVh8W,,,,,,,test,,1,63,1,,8,"Fusce, donec porta fringilla dui mauris erat! Eleifend nullam aliquam nunc faucibus et gravida.",5,7,9,"Rutrum aliquam, vehicula ridiculus phasellus facilisis bibendum ut molestie suspendisse tempora erat ultricies ridiculus aliquet.",2,919,1,5,6,1,1,6,1,"Imperdiet sem? Massa dictumst fermentum, culpa sed platea etiam vitae.",4,1,2,6,4,3,Integer! Et magna malesuada eros laoreet montes praesent sollicitudin malesuada integer etiam dictumst. Vestibulum eleifend.,4,5,1,4,5,3,3,5,4,3,3,4,2,1,4,5,3,6,7,1,2,3,6,6,6,6,3,3,1,5,6,2,3,2,4,5,5,3,4,5,4,3,4,5,3,2,3,2,1,1,3,4,5,1,2,5,1,2,5,3,5,5,5,5,3,4,1,6,2,5,1,1,3,2,3,4,5,2,4,2,1,3,3,4,4,4,1,3,2,3,2,4,5,3,1,4,1,Commodo magnis? Quis etiam ac a? Lacus pede augue consequat? Leo ullamcorper facilisis tellus. Convallis.,4,5,1,3,2,1,6,4,3,"Praesent curabitur tempus sollicitudin. Vel? Magna eros. Est faucibus diam turpis, nullam mattis.",
2023-11-24 15:51:55,2023-11-24 15:51:55,2,,100,0,1,2023-11-24 15:51:55,R_czIx9Cps0cy2whE,,,,,,,test,,1,0,3,"Primis atque id, dolorem pellentesque consectetuer ipsum. Orci eget at non nullam sodales magna.",1,,6,4,4,Risus etiam primis. Euismod porttitor turpis arcu. Vulputate ipsum sit wisi iaculis suspendisse.,2,1105,6,4,5,6,1,4,2,"Porttitor, suspendisse sit dignissim facilisis amet? Quis nullam. Elit eu maecenas.",1,4,5,3,5,3,Facilisis sollicitudin leo augue. Laoreet purus ab tempus primis elit vel.,4,,,,,,,,,,,,,,,,,,,,,,,,,,,,,,,,,,,,,,,,,,,,,,,,,,,,,,,,,,,,,,,,,,,,,,,,,,,,,,,,,,,,,,,,,,,,,,,,,,,,,,,,,,,,
2023-11-24 15:51:55,2023-11-24 15:51:55,2,,100,0,1,2023-11-24 15:51:55,R_8dEbFAEnwLLrhT8,,,,,,,test,,1,84,2,,5,,1,4,2,Praesent cras dapibus dapibus luctus magna pharetra risus porttitor eu dolor rutrum ultrices neque.,1,1169,4,6,3,2,5,5,2,"Scelerisque elementum morbi, ipsum mauris dignissim augue atque ac wisi fusce vehicula blandit a.",1,6,6,1,2,6,"Integer facilisi mi in magna? Montes consequat sodales consectetuer, odio.",6,6,1,3,7,3,6,4,2,2,7,5,2,7,4,1,3,6,5,1,3,3,2,2,1,5,6,4,3,3,2,5,2,3,2,1,1,3,6,5,6,1,4,4,3,1,2,3,3,1,3,2,4,4,2,1,3,5,5,5,5,4,6,2,1,5,5,6,2,3,3,3,4,3,6,1,3,4,1,2,6,6,4,1,2,2,1,5,6,1,3,2,3,2,4,3,5,Sodales praesent est orci? Sit porttitor mattis tincidunt. Aliquam dictumst. Porta.,5,5,2,5,2,2,3,1,5,"Nec, aliquet amet! Laoreet. Mattis sit, volutpat! Pharetra tempora diam.",
2023-11-24 15:51:56,2023-11-24 15:51:56,2,,100,0,1,2023-11-24 15:51:56,R_6SBSrEgvAdw42ay,,,,,,,test,,1,37,2,,2,,1,12,5,"Magnis curabitur fusce sit. Ante, commodo blandit orci. Morbi lectus integer.",3,1187,3,2,5,2,4,1,6,Interdum atque sem rhoncus ligula posuere ultricies! Suspendisse eleifend justo fermentum? Sed nibh.,4,2,1,3,2,1,Interdum urna? Tempor luctus egestas sapien rutrum risus erat sed aliquam fusce.,3,4,2,4,7,5,1,3,1,6,6,2,1,6,5,4,2,7,3,1,1,6,1,6,6,2,6,3,2,1,4,4,2,3,2,4,2,6,6,2,2,3,1,3,1,3,1,3,2,2,1,1,1,3,3,4,4,2,5,2,5,4,6,4,3,1,3,6,1,5,1,1,3,1,1,5,4,6,3,4,6,2,5,3,5,6,2,6,2,5,1,5,4,2,5,3,4,Egestas facilisis magna interdum? Turpis. Sollicitudin eu auctor orci curabitur id blandit mattis.,5,2,2,6,2,2,2,1,1,"Natoque bibendum est nullam phasellus metus, elit luctus purus. Et, morbi massa pharetra.",
2023-11-24 15:51:56,2023-11-24 15:51:56,2,,100,0,1,2023-11-24 15:51:56,R_4OOW5BH42rVRM2i,,,,,,,test,,1,56,2,,6,,6,9,14,"Scelerisque quam fusce. Nec potenti, neque dignissim dui diam auctor leo.",3,1062,2,1,5,4,5,6,1,Sagittis erat! Donec felis eget duis orci faucibus temporibus! Purus dictumst.,1,6,3,4,5,5,Platea temporibus molestie et nunc ut molestie culpa? Enim malesuada rutrum ultrices justo. Non.,5,4,1,3,2,2,1,5,3,7,1,1,4,2,5,1,3,6,7,1,6,2,1,4,2,3,4,3,1,2,2,5,1,3,4,2,3,5,4,3,5,5,5,1,1,2,2,2,1,1,3,3,5,3,1,6,1,2,1,2,6,5,3,3,1,6,5,2,1,1,1,6,6,2,6,2,4,6,4,3,6,4,1,1,5,6,5,3,6,2,5,4,4,5,4,1,3,"Dictumst tempora fusce sit lorem laoreet. Est euismod vivamus porta mauris, rutrum.",3,5,6,1,2,2,1,5,1,Placerat magnis luctus tellus duis interdum tempor. Vulputate tortor pretium maecenas.,
2023-11-24 15:51:56,2023-11-24 15:51:56,2,,100,0,1,2023-11-24 15:51:57,R_6tbgri3qNEQYUbI,,,,,,,test,,1,26,2,,5,,3,5,11,Vulputate? Elit. Placerat ab ut laoreet per ut orci. Temporibus.,2,1079,3,6,1,2,5,3,5,Dapibus tincidunt! Suspendisse dui praesent nonummy erat primis nec sed elementum. Volutpat.,2,5,4,4,3,2,"Massa eleifend, vitae, ligula sagittis. Integer accumsan euismod convallis. Suscipit proin etiam vitae.",6,5,3,6,1,6,2,3,2,1,1,3,5,1,4,3,6,7,2,3,4,3,3,1,3,6,1,1,6,5,1,1,3,6,6,1,3,6,3,2,4,6,4,2,4,3,2,2,2,1,3,5,2,6,4,4,2,6,5,2,1,3,6,3,4,5,6,2,2,5,3,2,1,1,4,3,3,6,5,3,2,6,1,1,2,5,3,1,3,1,2,5,3,1,5,4,2,Sagittis auctor sodales morbi suscipit lacus et vel tempora mi! Vestibulum volutpat pharetra.,2,1,2,1,2,1,3,5,2,Venenatis mi ligula et cursus iaculis etiam eget pellentesque integer? Posuere lacus potenti.,
2023-11-24 15:51:57,2023-11-24 15:51:57,2,,100,0,1,2023-11-24 15:51:57,R_1H6PaUJnjFsOMGq,,,,,,,test,,1,44,3,"Maecenas wisi risus lectus volutpat? Tortor sodales diam maecenas ante sagittis malesuada, auctor urna.",2,,1,6,3,Pretium rutrum! Donec mauris. Fusce ipsum atque nullam auctor temporibus. Primis eleifend vivamus.,3,850,2,5,4,6,3,3,2,Elementum tellus. Potenti sit magnis magnis maecenas neque. Convallis placerat. Est orci.,2,6,6,1,5,6,Erat praesent elit. Blandit ultrices malesuada aenean vel malesuada cursus duis consequat commodo.,1,5,1,7,1,5,2,2,7,6,3,3,2,7,5,4,6,1,3,2,5,1,3,5,2,2,5,2,1,5,2,5,5,6,5,3,1,6,6,4,3,4,5,2,2,2,2,1,3,1,3,4,3,4,1,2,4,1,5,4,4,2,5,3,3,6,4,6,3,5,1,2,2,4,1,1,5,3,2,6,2,6,4,1,4,2,1,6,2,1,1,2,4,4,2,1,2,"Lacus massa at et fringilla elit? Dolorem vivamus lorem? Arcu, amet.",4,3,3,3,2,1,3,3,4,Auctor temporibus sapien dui nibh aenean quam scelerisque pellentesque sem! Blandit.,
2023-11-24 15:51:57,2023-11-24 15:51:57,2,,100,0,1,2023-11-24 15:51:57,R_beaGBXQQuO7HhUG,,,,,,,test,,1,40,2,,3,,3,4,15,Primis? Consequat. Integer rhoncus ac. Convallis rhoncus eros vestibulum mauris urna tempor. Elit orci id.,1,1158,5,6,1,6,1,4,5,Aliquam integer dapibus. Praesent vivamus metus sagittis fusce. Diam. Viverra vestibulum purus sit eleifend.,6,4,4,2,5,5,"Est ligula aliquet faucibus, in elit aliquet in pellentesque quam. Curabitur gravida euismod? Blandit bibendum.",1,3,1,1,2,7,6,4,5,2,6,6,2,1,5,4,3,6,7,4,5,1,1,4,4,4,4,3,5,2,5,1,5,1,6,3,1,4,1,6,6,3,6,6,4,1,1,3,1,3,2,1,6,5,2,6,1,4,1,3,1,3,2,3,3,3,6,1,3,1,6,3,6,5,3,2,3,6,5,2,1,4,2,3,2,6,5,5,5,5,5,5,5,4,2,3,2,Aliquam et consequat dolorem? Accusamus nulla auctor? Proin cursus atque porta ullamcorper integer.,4,4,5,3,2,1,3,5,6,Sit egestas amet wisi arcu luctus justo? Leo. Eleifend erat ullamcorper id fusce ultrices.,
2023-11-24 15:51:58,2023-11-24 15:51:58,2,,100,0,1,2023-11-24 15:51:58,R_eFCg1or6GJcOzYO,,,,,,,test,,1,4,1,,6,,4,9,7,"At neque sit, neque nec tortor ipsum sit amet elementum vitae.",3,1113,4,2,4,1,2,6,4,Rutrum. Culpa scelerisque ultricies euismod. In vivamus primis. Curabitur. Mauris. Facilisis blandit eu? Accusamus.,2,2,6,4,2,4,Temporibus maecenas vehicula tellus sollicitudin aliquet tempus facilisi ac lorem elementum.,4,,,,,,,,,,,,,,,,,,,,,,,,,,,,,,,,,,,,,,,,,,,,,,,,,,,,,,,,,,,,,,,,,,,,,,,,,,,,,,,,,,,,,,,,,,,,,,,,,,,,,,,,,,,,
2023-11-24 15:51:58,2023-11-24 15:51:58,2,,100,0,1,2023-11-24 15:51:58,R_2i9moWNT2x8sHK6,,,,,,,test,,1,18,1,,2,,1,10,6,Blandit tortor vivamus sed natoque. Venenatis velit facilisis ultricies porta natoque sed ligula pharetra.,1,860,1,1,3,1,2,3,5,Sed molestie cras. Suspendisse suspendisse fringilla metus faucibus euismod turpis non felis euismod ante.,3,2,2,6,5,4,"Ac metus, ut cursus, accusamus. Dolor. Posuere? Tempus nonummy amet orci, luctus quam duis. Lorem.",4,6,1,7,2,3,4,7,2,2,1,6,2,3,6,4,7,5,1,2,3,6,6,3,4,4,4,5,4,5,1,5,3,4,4,5,6,4,5,1,4,1,6,6,6,2,1,3,3,3,2,6,1,1,5,5,1,1,2,2,1,3,4,1,5,5,1,5,4,6,6,5,2,4,2,2,3,1,1,3,3,2,6,1,3,3,4,3,5,4,2,2,3,5,2,3,1,Rutrum natoque imperdiet ultricies tempora molestie! Et temporibus rhoncus vehicula. Montes luctus aliquet nunc.,5,5,2,5,1,1,4,2,2,"Risus, fusce sollicitudin orci convallis fusce donec? Pharetra ante volutpat iaculis primis nec.",
2023-11-24 15:51:58,2023-11-24 15:51:58,2,,100,0,1,2023-11-24 15:51:59,R_3qMKCsdIy8ilTXU,,,,,,,test,,1,46,2,,8,Auctor consequat fusce in pellentesque lacus eu? Ridiculus imperdiet auctor. Elit malesuada tempus nec.,1,1,8,"Ante. Sem odio est. Atque atque nulla placerat aliquam, non nec. Nunc convallis neque.",2,809,4,6,1,2,6,1,3,"Vulputate vivamus convallis integer, et dolorem iaculis ipsum velit maecenas? Sagittis? Nibh porttitor blandit vulputate.",5,2,4,6,6,3,Lacus gravida aliquet? Velit lorem natoque viverra eu? Augue eget.,1,6,3,4,1,5,7,2,7,5,7,7,2,6,5,1,3,7,4,6,6,1,3,1,5,6,1,6,6,5,2,1,5,6,4,4,5,6,2,5,6,5,5,6,2,2,2,2,1,2,2,6,2,6,1,3,5,3,2,4,1,1,1,3,2,1,5,4,2,5,3,6,2,1,6,2,5,4,3,4,6,2,2,3,5,6,2,4,3,2,3,4,3,4,5,1,4,"Dapibus euismod etiam fringilla! Non, morbi amet mi interdum dui culpa! Risus aliquam pretium.",2,6,4,1,2,1,3,5,1,Luctus ut eu wisi imperdiet et imperdiet pede! Est dolor per.,
2023-11-24 15:51:59,2023-11-24 15:51:59,2,,100,0,1,2023-11-24 15:51:59,R_0THtRrYMKhh0fjg,,,,,,,test,,1,67,1,,1,,4,9,2,Atque. Etiam ridiculus montes ab dignissim volutpat interdum aliquam euismod? Placerat dapibus ullamcorper.,2,969,2,1,2,6,1,4,3,Nunc iaculis. Arcu nec nullam suspendisse convallis vestibulum elit porta dui.,2,1,4,2,6,5,Praesent scelerisque iaculis. Scelerisque pellentesque et! Accumsan orci! Dolor? Potenti culpa integer sed.,1,2,2,3,1,2,6,5,6,6,7,7,7,4,5,1,2,6,3,5,2,2,4,4,2,6,1,1,3,2,2,1,1,5,5,6,3,4,4,6,3,5,6,4,4,2,1,1,3,1,1,2,6,2,5,2,1,1,1,3,2,6,5,6,6,1,4,3,4,5,6,6,6,4,6,3,2,4,3,2,1,4,3,4,2,6,1,4,5,2,1,4,2,3,5,5,2,Vitae vitae felis. Id sagittis cursus est vel pharetra purus.,3,1,6,1,2,2,3,2,1,"Ridiculus vehicula erat ac. Nunc montes commodo a tempora, a ut.",
2023-11-24 15:51:59,2023-11-24 15:51:59,2,,100,0,1,2023-11-24 15:51:59,R_ahQbO3Z70dScxF4,,,,,,,test,,1,97,1,,5,,4,3,14,"Tempus ultrices metus vestibulum. Duis faucibus! Urna, malesuada dui natoque lectus sed dictumst.",2,837,1,3,3,4,3,2,6,"Dictumst lectus venenatis lorem? Praesent! Proin? Etiam! Justo fringilla! Rhoncus quis per euismod, egestas amet.",6,4,1,4,1,6,"Tempus, consequat interdum lacus malesuada natoque sapien. Erat imperdiet! Tempus? Mi.",5,1,3,4,3,7,5,7,5,1,6,3,5,4,1,2,6,3,7,4,1,2,3,6,3,3,5,4,1,2,4,3,4,2,2,2,6,4,6,5,3,5,5,3,6,2,1,3,2,1,2,3,5,2,2,6,6,1,2,2,1,5,3,5,6,1,2,1,1,5,3,1,6,6,4,4,5,4,4,5,1,2,4,7,2,3,3,5,4,5,1,4,2,5,5,1,5,Montes purus eget ultricies lorem faucibus ipsum porttitor suscipit orci! Urna.,5,1,1,2,2,1,2,1,1,Turpis id pretium culpa sagittis viverra justo accumsan? Atque! Sapien elementum. Nulla ligula. Accumsan.,
2023-11-24 15:52:00,2023-11-24 15:52:00,2,,100,0,1,2023-11-24 15:52:00,R_5orb29p8EcNfrV4,,,,,,,test,,1,68,2,,6,,4,8,15,"Rhoncus posuere at? Odio! Pede eget, nibh volutpat donec nullam aenean egestas cras.",3,1054,4,5,3,2,1,1,3,In amet curabitur interdum accumsan vulputate? Tincidunt. Malesuada. Turpis turpis lectus tellus.,6,6,3,4,3,5,"Commodo egestas, dui! Ullamcorper nibh aliquet dignissim pretium facilisi. Eros! Commodo eget donec.",3,4,3,1,6,3,6,4,1,7,7,7,3,7,4,6,1,2,5,2,2,1,2,4,2,1,5,2,6,1,6,2,4,2,4,4,3,3,3,3,6,2,2,2,5,1,2,1,3,1,1,6,1,1,5,4,1,4,6,6,4,3,6,4,2,3,4,4,1,4,3,2,3,5,2,3,4,5,3,4,5,3,5,6,4,2,3,6,2,2,4,5,4,3,1,5,5,Eu? Convallis venenatis in ultricies culpa sagittis laoreet. Turpis augue. Bibendum pellentesque! Ac.,4,6,6,5,2,1,6,6,2,"Leo, accusamus facilisi aenean! Erat iaculis viverra amet felis enim praesent sit elit et.",
2023-11-24 15:52:00,2023-11-24 15:52:00,2,,100,0,1,2023-11-24 15:52:00,R_b11BAxO9IsixW5w,,,,,,,test,,1,38,1,,2,,1,3,11,Enim aliquam accumsan sodales tortor quam! Orci duis leo risus maecenas sodales vehicula.,2,1127,5,3,4,1,3,2,5,Ultrices montes scelerisque ac facilisis sed. Atque molestie. Quis etiam.,2,2,4,1,2,6,"Justo magna, risus diam pharetra ligula ridiculus. Vitae quis commodo vitae, suscipit enim facilisis.",6,3,3,3,6,3,7,5,1,7,2,3,4,1,2,6,3,7,5,4,6,5,2,3,6,5,5,4,2,1,2,5,4,1,6,1,6,4,2,6,4,2,6,2,6,2,2,2,2,1,3,6,5,3,5,6,3,2,3,2,6,5,4,5,3,6,2,2,6,5,1,5,5,6,1,4,1,4,1,2,3,5,1,3,3,3,2,3,4,4,4,2,1,1,3,4,4,Tincidunt. Dolor rhoncus scelerisque pharetra nullam atque quam? Curabitur id? Nulla.,6,6,1,4,2,2,1,5,6,"Etiam donec venenatis fringilla tempora sit neque, augue? Fermentum nonummy cursus.",
2023-11-24 15:52:00,2023-11-24 15:52:00,2,,100,0,1,2023-11-24 15:52:01,R_3TMirMSrbyAHMzQ,,,,,,,test,,1,43,3,"Integer faucibus, porta ullamcorper mauris odio, ante? Tempora dapibus. Ullamcorper faucibus pede ante? Lectus euismod.",8,Ante mi consectetuer facilisi tempor etiam facilisis rutrum tortor? Pellentesque fringilla.,3,7,1,,3,893,1,3,2,2,1,4,5,"Leo et rhoncus placerat pede ligula eleifend risus dolorem gravida! Ante dolor, ac ultricies vulputate.",4,4,3,4,4,4,Non fermentum porttitor est eros consequat vulputate blandit magnis pede.,1,3,3,1,6,5,3,3,6,7,3,5,7,6,3,2,4,5,1,5,1,6,5,4,6,1,5,5,6,6,5,1,5,2,1,4,4,6,4,3,4,5,2,6,6,3,1,3,2,1,3,5,5,5,5,1,1,6,6,3,2,3,1,6,1,6,3,5,3,6,2,6,4,3,1,3,3,5,5,6,3,1,5,3,5,2,1,1,6,5,5,5,1,1,4,5,4,Egestas non. Imperdiet posuere amet commodo! Platea fringilla felis montes platea tempor ab rhoncus aliquam.,2,5,1,6,2,2,1,6,3,"Natoque per, a sagittis sit risus ac. Porttitor proin aliquet. Imperdiet aliquam facilisi.",
2023-11-24 15:52:01,2023-11-24 15:52:01,2,,100,0,1,2023-11-24 15:52:01,R_5u5ObcybMVbMI4u,,,,,,,test,,1,24,1,,7,,4,5,10,Integer eu fusce pharetra suscipit vestibulum gravida et atque sed eros.,1,975,1,6,1,5,3,1,5,"Praesent massa. Wisi scelerisque ut aliquet rutrum, suspendisse neque pretium neque.",3,6,6,2,1,5,Faucibus. Et neque morbi orci eu rhoncus interdum sagittis duis platea.,5,5,3,3,3,3,1,2,2,3,6,3,7,1,4,5,3,6,2,1,5,1,1,1,3,4,5,3,6,2,6,2,3,5,2,6,6,5,4,1,3,3,5,1,1,1,2,2,2,2,2,3,5,1,5,2,6,1,3,1,1,5,6,5,3,1,1,3,1,3,3,2,2,1,1,6,4,2,1,6,3,1,5,4,2,2,2,7,5,3,3,4,5,5,5,2,2,"Risus venenatis. Urna dolorem, ipsum fusce sapien lacus. Vestibulum diam. Blandit risus magna? Amet.",5,1,3,3,2,2,2,3,4,Laoreet euismod bibendum aenean culpa ac eros ipsum! Placerat aliquam bibendum ultrices. Bibendum ultricies.,
2023-11-24 15:52:01,2023-11-24 15:52:01,2,,100,0,1,2023-11-24 15:52:01,R_0As0mwmHoxgYzu6,,,,,,,test,,1,24,2,,4,,1,3,13,Elementum accusamus praesent ligula aenean sem facilisi praesent pharetra. Luctus.,2,935,6,3,1,3,3,4,3,Amet? Ultrices pellentesque dolor tempus. Ultrices vivamus praesent felis. Praesent! Dictumst consectetuer.,3,5,4,4,4,4,Blandit euismod sed donec? Phasellus est facilisis nec mauris sollicitudin odio fermentum diam.,4,4,3,2,6,4,6,6,6,3,7,3,1,3,2,7,5,6,4,5,5,6,4,2,5,1,3,4,3,4,4,4,4,2,5,4,2,4,4,1,6,1,4,5,5,2,1,2,2,3,3,1,4,4,5,3,3,1,5,6,3,5,3,5,1,3,2,4,2,5,6,6,3,3,1,6,4,6,4,2,6,3,6,1,4,2,2,1,1,1,5,3,3,5,5,2,5,"Temporibus blandit diam amet sed. Bibendum dui elementum, sollicitudin suscipit atque pede sem mi mattis.",1,3,4,1,2,1,3,1,4,Ante tortor gravida natoque! Rutrum fermentum blandit metus nec eu orci fringilla ligula.,
2023-11-24 15:52:01,2023-11-24 15:52:02,2,,100,1,1,2023-11-24 15:52:02,R_e99SroFQGJ9BDa6,,,,,,,test,,1,2,3,"Tempor viverra. Velit luctus gravida cras per, dictumst interdum consequat. Mi suscipit odio lacus.",3,,6,2,2,"Dignissim placerat amet, posuere suscipit dolor. Purus at nibh ante dolorem.",1,1159,2,1,6,4,4,2,6,Platea ipsum atque lacus ultricies at donec rhoncus temporibus temporibus turpis a euismod. Leo suspendisse.,5,4,6,4,5,1,Turpis metus eget! Mi accumsan augue donec ullamcorper. Vehicula sem! Elementum. Vulputate consectetuer.,5,,,,,,,,,,,,,,,,,,,,,,,,,,,,,,,,,,,,,,,,,,,,,,,,,,,,,,,,,,,,,,,,,,,,,,,,,,,,,,,,,,,,,,,,,,,,,,,,,,,,,,,,,,,,
2023-11-24 15:52:02,2023-11-24 15:52:02,2,,100,0,1,2023-11-24 15:52:02,R_3yNoRsMmRXbzsXA,,,,,,,test,,1,46,1,,5,,4,6,6,Fermentum cras suspendisse. At imperdiet? Ultrices molestie massa! Placerat luctus? At dui dui.,3,1033,3,5,3,1,5,1,6,Eleifend! Urna mauris orci justo dignissim mi eu eu volutpat augue tempor diam.,6,1,2,5,2,6,Suscipit erat? Atque felis consectetuer id potenti tincidunt pretium eu dignissim dapibus vel dignissim massa.,6,3,2,7,7,4,3,2,7,7,4,5,5,1,6,2,7,4,3,6,5,6,2,3,4,3,3,1,1,6,4,3,6,6,2,4,3,2,2,6,1,4,3,4,6,3,1,3,2,3,2,3,5,4,6,1,3,4,1,5,6,6,2,4,3,3,3,4,5,1,1,4,2,6,6,1,1,5,3,4,2,5,5,6,2,1,2,7,6,2,2,4,2,4,2,4,2,Ac pede neque elit duis. Facilisis. Vehicula ut amet. Euismod.,1,6,2,2,2,2,2,5,4,"Tempus. Praesent dictumst eu risus accusamus? Diam, erat est. Gravida erat auctor ridiculus.",
2023-11-24 15:52:02,2023-11-24 15:52:02,2,,100,0,1,2023-11-24 15:52:02,R_2cvWaNhnsciTaIu,,,,,,,test,,1,78,2,,6,,5,5,13,"Erat, accusamus molestie non malesuada maecenas volutpat sollicitudin scelerisque eget lectus.",2,908,4,4,1,5,4,4,5,Pretium imperdiet vestibulum cursus id turpis urna. Mattis blandit accusamus vel.,4,6,3,3,3,5,Eget sapien integer. Auctor sapien mi molestie facilisis vivamus quis? Etiam.,6,4,2,4,4,3,2,5,4,5,1,5,5,3,6,1,2,7,4,3,2,3,6,6,3,2,4,4,3,6,6,2,5,2,1,2,4,6,6,5,2,4,4,6,4,2,2,3,3,2,2,5,3,3,4,3,1,5,3,5,3,2,5,3,3,1,5,3,6,3,6,4,5,6,6,1,4,5,3,3,5,3,3,7,5,5,5,2,3,1,2,2,5,3,3,5,4,Morbi elit metus. Massa. Ab porttitor quis mauris culpa nullam dignissim? Est sagittis.,1,2,2,5,2,2,5,5,6,"Proin tempora dui! Sem ante vel ipsum. Felis, facilisis nec fusce.",
2023-11-24 15:52:03,2023-11-24 15:52:03,2,,100,0,1,2023-11-24 15:52:03,R_9oySa8B4iiwe6Lc,,,,,,,test,,1,63,1,,6,,4,7,13,Temporibus cursus quis. Mauris malesuada facilisis id. Porta. A nonummy convallis augue. Integer.,3,835,3,1,5,6,6,1,3,Pharetra maecenas phasellus ligula wisi ab? Fermentum commodo. Luctus bibendum malesuada non.,1,5,2,6,2,4,Culpa neque euismod laoreet egestas risus malesuada? Metus magna nonummy.,6,3,1,6,1,7,2,1,6,1,5,3,6,7,2,5,4,1,3,2,1,5,5,5,2,4,3,2,1,3,3,1,5,5,6,1,1,5,3,4,3,2,2,1,1,2,3,3,2,2,2,3,6,5,1,1,2,5,2,1,5,2,4,4,4,1,3,3,2,6,1,5,1,1,6,3,3,1,2,6,3,4,6,2,6,6,3,5,6,5,5,5,1,5,3,5,2,Ullamcorper vitae at elit tempor tempora cursus purus amet consectetuer.,5,6,5,2,1,1,6,2,4,"Quis dolorem velit lorem ultrices in, et wisi cursus morbi? Est? Eget felis non elit.",
2023-11-24 15:52:03,2023-11-24 15:52:03,2,,100,0,1,2023-11-24 15:52:03,R_5sDQSy1lSwYxbuK,,,,,,,test,,1,4,2,,1,,4,7,8,Diam felis! Integer sed. Sem tempora urna integer placerat morbi platea magnis risus.,1,901,5,6,2,4,2,3,5,Dolorem et? Magna vestibulum? Eros! Sollicitudin tempora vulputate tortor pellentesque.,6,2,5,3,2,5,Turpis faucibus et enim. Ut posuere nec primis ab sem est.,5,,,,,,,,,,,,,,,,,,,,,,,,,,,,,,,,,,,,,,,,,,,,,,,,,,,,,,,,,,,,,,,,,,,,,,,,,,,,,,,,,,,,,,,,,,,,,,,,,,,,,,,,,,,,
2023-11-24 15:52:03,2023-11-24 15:52:03,2,,100,0,1,2023-11-24 15:52:04,R_dj7GsaFvz5lral0,,,,,,,test,,1,61,2,,8,Non molestie dictumst ante venenatis. Arcu diam malesuada mi leo? Aliquet consequat tellus.,6,12,15,"Placerat in ultrices vivamus, sapien enim mattis per potenti accusamus nibh.",1,1153,2,4,5,2,1,2,4,"Augue! Malesuada morbi pellentesque leo eu nec, lacus fusce dignissim aenean? Cras erat.",3,2,6,2,5,2,Ut lectus platea elementum ipsum fusce vestibulum maecenas ipsum tincidunt quam aenean gravida praesent.,2,4,3,7,3,2,3,5,3,4,5,6,6,4,5,2,7,1,3,2,3,2,1,6,1,2,6,3,1,1,2,6,4,6,4,5,4,2,2,2,6,3,3,5,3,3,1,3,3,1,1,6,4,3,6,3,3,6,2,3,4,5,6,1,5,4,4,1,6,5,2,2,6,3,1,4,1,6,4,3,2,3,2,2,1,1,6,2,5,4,5,5,5,2,4,1,3,Rhoncus maecenas odio suspendisse risus molestie venenatis facilisis? Erat lorem.,6,6,1,1,1,1,4,6,6,"Felis neque dolorem sapien? Volutpat quam proin odio tellus tortor, egestas.",
2023-11-24 15:52:04,2023-11-24 15:52:04,2,,100,0,1,2023-11-24 15:52:04,R_b3ku75NnPHM4wNU,,,,,,,test,,1,91,2,,8,Convallis morbi orci cras enim lectus metus leo tortor ac.,1,5,15,Metus montes nonummy natoque placerat vulputate? Dapibus lorem fusce magnis mi tincidunt quis.,2,887,3,2,1,6,4,5,1,Diam. Faucibus egestas. Elementum tempus! Vestibulum! Aliquet in vehicula natoque rhoncus? Sit arcu? Convallis venenatis.,2,1,2,6,2,3,Sed auctor purus arcu nulla felis cursus? At auctor? Temporibus justo.,4,1,3,6,3,3,1,2,7,3,1,7,1,5,6,4,2,3,7,6,1,6,4,3,6,4,2,5,1,3,4,5,6,2,4,6,4,5,3,2,5,4,5,6,1,2,1,1,1,1,3,6,3,4,1,2,2,5,5,6,6,1,4,3,3,3,6,5,6,1,6,2,6,2,4,5,5,5,3,4,5,1,6,3,1,3,5,3,4,3,2,2,4,1,4,3,3,"Ab mauris in. Tempora mauris bibendum etiam, pede vitae nunc pretium! Consequat aenean.",3,3,1,5,2,1,4,3,1,Vivamus. Fermentum facilisis bibendum pharetra non posuere? Risus tincidunt ac rutrum enim ante sollicitudin.,
2023-11-24 15:52:04,2023-11-24 15:52:04,2,,100,0,1,2023-11-24 15:52:04,R_0DSUXNre16JuLKm,,,,,,,test,,1,75,2,,8,Aliquam maecenas nulla placerat arcu pede tincidunt porttitor eu consequat dolorem lectus? Magna dignissim.,3,10,8,"Posuere tellus, nulla et dignissim viverra vestibulum tempora facilisis erat. Risus accusamus pretium.",3,857,4,3,4,6,5,3,2,Eros bibendum viverra leo dolorem iaculis! Egestas leo malesuada posuere? Nullam malesuada.,6,5,3,1,6,1,Vehicula nibh! Vehicula ante metus neque magnis massa montes luctus tempora.,5,3,3,3,4,3,2,7,3,3,1,1,1,6,7,2,4,3,5,3,4,2,6,5,2,2,3,3,1,1,3,3,1,6,6,2,1,1,6,4,6,6,6,2,6,3,1,1,2,2,1,6,5,4,4,1,5,4,4,3,1,6,5,1,5,1,6,6,6,5,3,1,5,6,4,2,6,6,3,4,1,3,3,6,5,5,6,2,5,5,4,1,2,1,2,3,5,Metus ac curabitur suspendisse placerat! Viverra potenti. Urna gravida ullamcorper euismod.,3,3,5,2,1,1,2,6,1,Fermentum urna! Montes! Magnis ut! Vel. Sollicitudin mattis malesuada viverra laoreet.,
2023-11-24 15:52:05,2023-11-24 15:52:05,2,,100,0,1,2023-11-24 15:52:05,R_3VMCl1ffKpA34Ca,,,,,,,test,,1,73,3,Vitae? Duis sit. Nullam enim interdum magna id sagittis viverra augue proin vehicula.,5,,2,11,11,Vulputate felis. Praesent sapien cras consequat faucibus euismod leo purus amet. Sagittis tortor.,2,1019,3,5,3,4,6,6,5,Dolorem praesent quam? Dictumst sit! Quis luctus urna laoreet! Dictumst.,4,1,6,3,1,1,"Felis odio sollicitudin bibendum. Ut iaculis dapibus. Vivamus volutpat, pede? Vel viverra. Vel.",4,4,2,5,5,7,5,4,7,3,4,7,3,5,7,2,4,6,1,6,5,5,2,3,2,1,3,2,5,6,3,2,5,2,5,6,5,5,1,4,4,6,4,1,5,1,1,1,1,2,1,3,2,4,5,6,5,1,5,3,5,4,4,1,4,4,6,1,6,2,2,4,1,4,4,6,2,4,5,6,4,5,5,3,5,3,3,5,2,2,3,1,3,4,4,2,4,Vehicula luctus elit! Primis tellus venenatis odio vehicula aliquet tempor pretium interdum pellentesque arcu.,5,2,1,1,1,1,3,1,2,"Magna pellentesque, tincidunt lacus at dui at sagittis porta nonummy.",
2023-11-24 15:52:05,2023-11-24 15:52:05,2,,100,0,1,2023-11-24 15:52:05,R_291u8W7MKxNz2ZM,,,,,,,test,,1,75,1,,5,,2,11,6,Sagittis tempus nonummy convallis ultricies. Tortor fringilla. Dapibus arcu erat accusamus pede ipsum faucibus dui.,1,842,3,6,5,3,2,4,1,"Consequat? Duis ante luctus pellentesque praesent arcu, sed, pellentesque accusamus turpis? Suspendisse, ut! Erat dignissim.",2,6,6,2,6,2,Blandit eleifend venenatis praesent felis? Velit. Ut primis. Leo. Pede.,5,1,2,3,1,1,5,2,4,7,6,6,5,1,6,3,7,2,4,3,1,1,6,2,6,4,4,5,2,6,1,2,6,4,3,1,4,4,1,2,6,2,4,5,3,2,3,2,1,2,2,6,2,1,1,1,6,5,6,6,4,4,2,3,1,4,6,6,2,2,1,1,5,4,2,3,3,5,3,3,5,3,2,4,6,4,4,3,6,5,1,3,2,1,2,2,2,Est ultrices! Nullam porta malesuada integer? Diam tellus id lorem massa et.,4,4,6,4,2,1,3,2,6,Suscipit. Donec ipsum aliquam rutrum? Nec? Accusamus aenean sit cursus egestas primis faucibus dui.,
2023-11-24 15:52:05,2023-11-24 15:52:05,2,,100,0,1,2023-11-24 15:52:05,R_1AgztuLDhthxobA,,,,,,,test,,1,27,1,,5,,4,8,15,Erat dolorem? Ab bibendum urna. Ut ultrices ante metus viverra pellentesque accumsan.,1,1020,6,2,5,2,5,6,5,Temporibus laoreet ante malesuada placerat faucibus cras dolorem aenean dictumst lacus urna.,1,2,5,6,5,2,Vivamus erat magna ultricies culpa curabitur nullam venenatis. Atque massa accumsan culpa auctor dictumst sit.,2,1,2,2,3,2,1,1,7,1,3,2,6,5,1,7,4,3,2,3,3,5,5,4,1,4,5,2,2,3,1,6,6,3,3,4,3,6,5,1,1,2,5,2,6,1,2,1,2,1,2,1,3,2,2,5,2,4,1,6,4,5,3,1,6,1,2,2,1,1,2,2,1,6,2,1,3,6,6,4,4,4,5,6,1,4,4,1,4,4,1,4,5,2,3,2,5,"Quam, ipsum risus? Praesent! Bibendum ligula dui nulla donec montes tincidunt? Accumsan fermentum facilisi leo.",6,2,2,1,2,1,1,4,3,Proin vitae porta nec. Felis sollicitudin platea velit consequat? Morbi nulla praesent accusamus.,
2023-11-24 15:52:06,2023-11-24 15:52:06,2,,100,0,1,2023-11-24 15:52:06,R_2m1Dcx8AAHc04Vo,,,,,,,test,,1,49,2,,2,,3,11,6,Lectus iaculis scelerisque tortor dui velit blandit culpa natoque. Potenti.,2,896,3,6,4,5,3,4,3,Scelerisque posuere sem pede porta pharetra a vivamus phasellus nec sodales fringilla.,5,6,4,6,2,5,Ullamcorper! A curabitur ab sapien at primis ullamcorper quis vulputate! Per.,5,4,3,5,3,7,1,5,2,2,6,5,1,6,7,5,3,2,4,6,6,1,4,1,5,4,5,4,4,5,6,3,6,4,6,6,5,6,6,4,1,4,6,1,5,3,2,3,3,3,3,5,2,2,5,2,5,6,2,4,5,5,5,4,3,2,4,4,1,5,3,4,5,3,2,2,3,2,2,6,5,2,5,2,2,6,3,1,6,3,1,4,2,3,2,2,4,Morbi. Gravida. Pretium gravida augue sagittis consectetuer eget aliquam blandit consequat tellus pellentesque cras.,3,5,6,2,1,2,2,2,5,Nec ultricies ridiculus vitae metus a pharetra! Ac posuere tortor mauris? Donec eros praesent mauris.,
2023-11-24 15:52:06,2023-11-24 15:52:06,2,,100,0,1,2023-11-24 15:52:06,R_eeAJexmwbaSiJOS,,,,,,,test,,1,15,1,,6,,3,3,15,Sit suscipit! Etiam justo! Porttitor fermentum erat? Porta proin volutpat. Morbi.,1,1079,6,3,4,6,3,2,2,Blandit? Massa purus justo et ullamcorper dolorem suspendisse pellentesque. Eleifend ullamcorper.,5,5,5,4,1,4,Pellentesque morbi tincidunt sem auctor facilisis wisi molestie vulputate augue commodo sem. Eleifend eleifend rhoncus.,3,,,,,,,,,,,,,,,,,,,,,,,,,,,,,,,,,,,,,,,,,,,,,,,,,,,,,,,,,,,,,,,,,,,,,,,,,,,,,,,,,,,,,,,,,,,,,,,,,,,,,,,,,,,,
2023-11-24 15:52:07,2023-11-24 15:52:07,2,,100,0,1,2023-11-24 15:52:07,R_cI5hXkTIa2cvOey,,,,,,,test,,1,10,2,,5,,1,5,10,Sem vulputate commodo? Tempus. Tortor rutrum molestie curabitur! Luctus risus.,3,863,1,4,6,6,2,6,4,Vulputate non nonummy fermentum. Sodales. Ab turpis aenean sit morbi commodo.,2,1,6,5,5,1,Blandit sem auctor per? In dui tortor mi venenatis sodales mauris proin tortor ante turpis.,3,,,,,,,,,,,,,,,,,,,,,,,,,,,,,,,,,,,,,,,,,,,,,,,,,,,,,,,,,,,,,,,,,,,,,,,,,,,,,,,,,,,,,,,,,,,,,,,,,,,,,,,,,,,,
2023-11-24 15:52:07,2023-11-24 15:52:07,2,,100,0,1,2023-11-24 15:52:07,R_9naE0ZryykzB6WG,,,,,,,test,,1,48,3,Nulla. Diam porta arcu duis justo accumsan dolor? At suspendisse at at.,4,,2,3,3,Dolorem scelerisque iaculis felis! Tincidunt tellus sagittis accusamus enim. Dolor a molestie? Rhoncus! Potenti.,1,926,5,6,3,1,4,5,2,"Enim lacus! Ultricies aliquam phasellus dui sollicitudin. Ac, convallis purus.",3,2,2,2,1,5,Primis suscipit. Natoque blandit sit pharetra nibh. Pellentesque sagittis orci.,3,1,3,2,4,5,1,6,6,2,4,3,3,5,6,2,7,4,1,3,3,4,3,2,1,5,2,6,1,2,1,6,4,4,1,2,2,6,2,1,5,2,4,1,1,3,2,1,3,1,3,3,2,2,2,6,6,1,5,6,3,2,2,3,5,1,6,1,4,6,5,6,3,1,1,5,4,6,3,5,4,1,6,5,2,6,2,3,4,5,2,4,4,1,5,3,5,Molestie justo nunc donec malesuada gravida! Euismod bibendum fringilla lacus? Vulputate duis mattis sagittis ac.,2,6,1,1,1,1,5,4,5,"Velit rutrum volutpat praesent. Posuere convallis dolor auctor. Montes, est rhoncus.",
2023-11-24 15:52:07,2023-11-24 15:52:07,2,,100,0,1,2023-11-24 15:52:07,R_dd51o50xLfiqLc2,,,,,,,test,,1,51,2,,6,,3,3,14,Felis quam iaculis turpis? Ultricies metus mauris maecenas nulla gravida elit cras natoque nec.,2,973,6,6,3,2,2,6,6,"Pede dui orci quam neque etiam, scelerisque. Rhoncus porttitor? Arcu vestibulum velit! Tempus.",6,3,1,3,4,6,"Felis dictumst auctor, leo mi accumsan sapien elit rhoncus consequat scelerisque! Sit ridiculus enim.",2,1,2,2,7,3,4,3,1,1,4,1,4,3,2,6,5,1,7,5,3,6,2,1,5,1,3,5,5,6,1,3,4,1,3,1,4,4,4,6,5,2,6,2,4,1,1,2,1,2,3,2,2,3,5,6,3,5,5,6,2,3,5,5,5,4,4,2,2,2,5,3,4,4,1,2,4,1,4,2,4,5,1,2,5,3,6,4,4,3,2,3,2,5,3,3,3,Metus? Eleifend ab et malesuada! Mauris sodales erat porttitor accumsan natoque aliquam aliquet accusamus purus.,6,1,3,1,2,2,2,4,4,"Eros quis accusamus tellus vestibulum posuere aenean faucibus sit, mi integer.",
2023-11-24 15:52:08,2023-11-24 15:52:08,2,,100,0,1,2023-11-24 15:52:08,R_2gdP2sC46ahTOsK,,,,,,,test,,1,94,2,,4,,4,3,2,"Tellus in, mi auctor est pellentesque molestie! Curabitur rhoncus donec.",1,895,6,3,5,2,6,2,1,Magna tortor platea potenti vitae augue phasellus tincidunt ligula ultricies. Ullamcorper pellentesque ab! Massa.,5,5,5,6,1,2,Potenti porttitor imperdiet fermentum id? Felis laoreet leo! Iaculis at quam amet quam mi? Eleifend.,3,2,1,2,5,2,3,4,3,2,2,5,6,5,7,4,3,2,1,3,3,1,3,5,5,1,4,6,4,3,1,2,3,3,4,5,5,2,6,4,5,5,5,5,2,1,2,1,2,2,2,3,4,2,4,6,5,6,2,1,5,1,3,2,6,5,2,2,6,2,2,6,2,1,6,5,2,1,4,2,1,6,3,3,5,5,4,4,1,4,2,4,3,2,5,3,2,"Porttitor quis vehicula! Massa egestas sit sit fusce montes, nec rhoncus, convallis.",6,5,5,2,1,1,1,6,5,Ut laoreet orci viverra? At viverra vivamus gravida justo molestie turpis mattis.,
2023-11-24 15:52:08,2023-11-24 15:52:08,2,,100,0,1,2023-11-24 15:52:08,R_ensOaHPMeOxUAtM,,,,,,,test,,1,9,2,,7,,4,10,1,,2,1208,1,3,6,1,4,4,6,Risus erat morbi luctus vel vel ultrices malesuada curabitur quis! Integer blandit ligula et.,1,6,1,6,1,2,Temporibus nonummy? Consequat porttitor. Convallis sem! In sollicitudin posuere massa justo ultrices.,5,,,,,,,,,,,,,,,,,,,,,,,,,,,,,,,,,,,,,,,,,,,,,,,,,,,,,,,,,,,,,,,,,,,,,,,,,,,,,,,,,,,,,,,,,,,,,,,,,,,,,,,,,,,,
2023-11-24 15:52:08,2023-11-24 15:52:08,2,,100,0,1,2023-11-24 15:52:08,R_8prAQrONP6TXVP0,,,,,,,test,,1,2,3,"Neque aliquam elit accusamus, porttitor ullamcorper dolor. Id! Venenatis! Posuere.",8,Risus tempor blandit. Suspendisse ullamcorper sagittis? Proin egestas duis pretium posuere pretium eros? In.,3,12,6,"Ac tempora faucibus at sem risus vivamus, lorem leo dictumst pede. Dolor.",3,1103,1,1,4,1,3,6,4,Leo luctus platea magnis cras etiam montes convallis imperdiet donec.,4,4,6,4,1,3,Fermentum vestibulum tempora ut vehicula vulputate pretium atque ante neque? Proin quis lacus ultricies.,4,,,,,,,,,,,,,,,,,,,,,,,,,,,,,,,,,,,,,,,,,,,,,,,,,,,,,,,,,,,,,,,,,,,,,,,,,,,,,,,,,,,,,,,,,,,,,,,,,,,,,,,,,,,,
2023-11-24 15:52:09,2023-11-24 15:52:09,2,,100,0,1,2023-11-24 15:52:09,R_818ows8FE5ISm0e,,,,,,,test,,1,8,1,,1,,6,11,2,Maecenas montes! Ultrices tincidunt morbi arcu auctor convallis facilisi iaculis.,2,1092,5,4,2,3,2,4,1,Fermentum est montes justo dolor nibh justo! Molestie. Temporibus morbi bibendum urna vehicula ab culpa.,2,1,4,1,2,5,Morbi fusce nec rhoncus tempus vehicula donec consectetuer magna nulla culpa! Magna dolorem primis sagittis.,6,,,,,,,,,,,,,,,,,,,,,,,,,,,,,,,,,,,,,,,,,,,,,,,,,,,,,,,,,,,,,,,,,,,,,,,,,,,,,,,,,,,,,,,,,,,,,,,,,,,,,,,,,,,,
2023-11-24 15:52:09,2023-11-24 15:52:09,2,,100,0,1,2023-11-24 15:52:09,R_3E57hMs7Y27BDKe,,,,,,,test,,1,98,3,Felis pellentesque interdum fringilla metus vitae. Lorem vel turpis et pellentesque suscipit.,7,,1,8,7,"Dolor consectetuer suspendisse. Nunc, eu, ab convallis orci leo. Nec odio, ante duis.",1,1093,4,2,2,4,1,4,5,Sem ridiculus dictumst primis felis augue dictumst wisi cras potenti id pellentesque.,1,4,5,3,1,1,"Sollicitudin rhoncus scelerisque morbi, diam dictumst! Bibendum dignissim vitae est? Dolorem.",1,4,3,4,1,3,7,1,3,4,1,2,2,6,1,7,5,4,3,4,5,6,1,3,4,5,1,2,1,4,4,2,3,6,4,2,5,3,1,5,6,4,3,5,2,1,1,2,1,2,1,3,2,1,4,4,6,1,3,6,1,2,1,4,2,3,5,5,3,5,4,1,6,1,5,5,6,5,2,6,1,5,4,3,3,1,1,7,4,2,5,4,4,5,2,2,4,"At sed enim est urna, et erat. Eget? Facilisi vulputate facilisis.",4,1,3,3,1,1,4,6,5,Facilisis. Pretium eget sagittis eleifend. Morbi luctus pede id. Maecenas vehicula venenatis nibh.,
2023-11-24 15:52:09,2023-11-24 15:52:09,2,,100,0,1,2023-11-24 15:52:10,R_cYD9eruB2TybHbo,,,,,,,test,,1,60,2,,5,,5,12,13,"Ligula consectetuer egestas euismod pede curabitur molestie, tortor, pharetra? Et magnis? Dapibus posuere vehicula.",2,1187,5,2,6,3,1,4,4,Nonummy scelerisque consectetuer metus felis! Orci interdum! Iaculis nec vehicula diam dignissim nullam. Posuere at.,1,6,3,1,4,6,"Ab lacus tempor integer nullam egestas nullam, pellentesque mi lorem praesent! Consequat consequat convallis metus.",1,2,2,7,1,2,6,3,5,3,5,5,5,6,1,7,2,4,3,2,6,5,3,6,5,5,4,5,4,3,2,3,3,6,5,2,3,4,1,3,1,3,5,2,6,3,3,2,3,2,2,1,6,5,6,5,3,6,1,6,1,3,1,2,2,5,5,2,5,4,1,4,1,2,4,1,1,3,3,4,6,4,6,1,4,2,5,1,1,2,2,5,2,1,1,5,2,Sollicitudin luctus potenti fermentum fringilla rhoncus consequat ridiculus atque diam donec. Facilisis gravida bibendum molestie.,3,2,6,4,1,1,4,3,4,"Mi, consequat molestie natoque wisi at temporibus integer malesuada est eleifend.",
2023-11-24 15:52:10,2023-11-24 15:52:10,2,,100,0,1,2023-11-24 15:52:10,R_78tperg5oAgYT1s,,,,,,,test,,1,47,1,,7,,2,10,12,Ac pharetra dolorem egestas urna nonummy aliquam pharetra fusce metus duis luctus? Luctus tortor.,1,867,4,5,2,6,3,5,1,Erat malesuada pretium volutpat! Tortor. Magna temporibus wisi vel! Dolor massa phasellus auctor suspendisse ab.,2,1,2,1,6,5,Ante facilisis. Quis fringilla ultricies etiam sed volutpat. Neque aliquet leo accumsan. Per orci.,5,3,1,6,2,6,6,3,5,4,1,3,7,2,4,6,3,1,5,2,4,1,6,1,3,3,1,6,1,4,3,3,2,5,5,3,1,3,1,2,6,3,5,6,1,1,3,3,1,1,1,5,6,5,2,4,1,6,6,1,3,2,6,1,1,5,2,1,4,6,1,1,3,3,5,6,5,5,3,6,1,4,2,7,1,4,3,6,2,4,3,4,5,2,3,2,2,Ut non. Suscipit praesent suspendisse vivamus? Phasellus aliquet ipsum tempus tempor laoreet justo auctor dui.,3,3,4,3,2,1,2,5,1,Phasellus culpa velit platea auctor. Sit sollicitudin accumsan! Fermentum pede.,
2023-11-24 15:52:10,2023-11-24 15:52:10,2,,100,0,1,2023-11-24 15:52:10,R_3rf2ttuln22bT2S,,,,,,,test,,1,60,3,Scelerisque scelerisque eget dolorem dapibus consectetuer sem suspendisse mi vel scelerisque interdum.,5,,6,11,2,Molestie tincidunt aliquam cras donec? Aliquet ut porttitor. Justo accusamus. Pretium maecenas.,2,1090,5,3,5,4,5,6,1,Lacus leo vulputate suspendisse est sit est amet volutpat auctor vel culpa sem cras.,3,1,2,5,3,2,"Platea. Erat dictumst donec potenti facilisis dolor, dapibus. Ultricies nulla atque lorem nullam iaculis.",5,4,2,4,2,2,5,1,6,5,2,5,3,2,7,4,6,5,1,1,2,5,6,1,4,6,6,3,5,5,1,5,2,5,1,6,4,2,1,6,2,5,6,6,2,2,3,1,1,1,1,6,3,2,1,3,2,3,1,2,5,2,5,1,1,3,5,2,1,6,5,5,2,1,5,2,1,3,3,3,2,5,6,1,4,2,4,3,2,4,2,1,5,4,5,4,3,"Tempor consequat suspendisse. Fermentum luctus sapien dolor per nibh, eleifend vehicula diam.",5,5,3,5,2,1,2,1,3,Curabitur sodales lorem? Dignissim? Pellentesque temporibus ridiculus lorem fringilla gravida vel facilisi curabitur viverra urna.,
2023-11-24 15:52:11,2023-11-24 15:52:11,2,,100,0,1,2023-11-24 15:52:11,R_02IsVTuMKmwp1Xg,,,,,,,test,,1,5,2,,6,,4,10,4,Tincidunt blandit ut diam tortor nec lorem? Ultrices tincidunt ullamcorper! Eros tortor. Erat iaculis.,1,1131,3,3,5,3,2,3,3,"Fermentum metus tortor temporibus vehicula phasellus pharetra placerat blandit vivamus est felis, accumsan quam urna.",6,2,5,6,4,2,"Erat? Purus curabitur potenti integer ultricies bibendum, gravida sem ipsum? Magna ipsum sem luctus.",4,,,,,,,,,,,,,,,,,,,,,,,,,,,,,,,,,,,,,,,,,,,,,,,,,,,,,,,,,,,,,,,,,,,,,,,,,,,,,,,,,,,,,,,,,,,,,,,,,,,,,,,,,,,,
2023-11-24 15:52:11,2023-11-24 15:52:11,2,,100,0,1,2023-11-24 15:52:11,R_0kZKqPOEMDxIkGa,,,,,,,test,,1,93,1,,2,,5,11,1,,3,867,5,1,1,2,4,6,3,Faucibus ultrices curabitur. Facilisis primis tempor in. Curabitur pretium gravida phasellus. Imperdiet. Luctus.,5,6,5,2,3,3,"Sed iaculis. Platea? Consequat fringilla magna aliquam, auctor dictumst sodales facilisi vitae id.",2,4,1,5,6,4,5,4,7,4,5,1,6,1,3,5,2,4,7,5,2,4,4,3,3,6,5,6,1,5,1,6,5,3,4,4,4,3,4,4,2,4,4,3,3,3,1,3,2,3,3,2,1,1,5,6,1,1,1,4,3,1,6,4,5,6,6,3,3,4,2,3,2,5,4,4,2,3,4,3,1,4,1,6,1,6,5,1,4,5,4,4,5,2,4,1,3,Auctor integer eros fermentum risus convallis velit! Elementum natoque ligula eros velit! Posuere ipsum donec.,3,6,1,2,1,1,2,4,6,Malesuada phasellus ridiculus sit id. Ullamcorper. Consectetuer aliquet placerat arcu facilisis eget quam.,
2023-11-24 15:52:11,2023-11-24 15:52:11,2,,100,0,1,2023-11-24 15:52:11,R_6gHqygGCEKE1ytg,,,,,,,test,,1,1,1,,5,,1,11,5,Felis blandit metus maecenas risus. Ut duis neque leo posuere ipsum sollicitudin.,2,1144,3,5,5,6,3,2,5,Fusce arcu tempora? Magnis posuere? Eu pharetra aliquam! Lorem praesent.,2,3,4,4,2,1,"Etiam massa est justo nonummy nullam magna facilisi wisi, ultrices suscipit.",6,,,,,,,,,,,,,,,,,,,,,,,,,,,,,,,,,,,,,,,,,,,,,,,,,,,,,,,,,,,,,,,,,,,,,,,,,,,,,,,,,,,,,,,,,,,,,,,,,,,,,,,,,,,,
2023-11-24 15:52:12,2023-11-24 15:52:12,2,,100,0,1,2023-11-24 15:52:12,R_aVrIL4xZ32HjzrE,,,,,,,test,,1,45,2,,8,Enim enim est nulla integer temporibus. Posuere dolor accumsan rutrum tincidunt tempus.,2,2,12,"Imperdiet? Gravida bibendum turpis commodo risus neque platea, a, egestas ut interdum rutrum duis mi.",3,1113,6,2,5,4,3,6,4,Fermentum tempora arcu cras magna mauris lacus potenti sapien dui.,2,6,5,4,6,5,Gravida proin iaculis mauris platea scelerisque! Aliquam justo! Vitae aliquam.,5,2,2,1,4,7,7,4,5,3,7,1,4,3,2,6,1,5,7,4,1,1,4,4,2,4,1,2,3,6,6,5,6,5,6,3,3,6,6,4,6,3,6,4,6,3,2,3,1,1,2,1,1,4,5,6,4,4,1,3,6,2,3,1,3,5,4,3,2,3,5,3,4,3,2,5,5,1,6,4,5,5,1,1,2,3,6,4,3,2,1,1,3,1,3,4,1,Arcu purus viverra enim? Porta facilisis nunc augue cras convallis aliquet cras.,1,2,2,4,2,1,3,1,1,Fusce! Sit pharetra! Molestie accusamus aliquet suspendisse platea integer? Pharetra. Potenti vitae! Viverra.,
2023-11-24 15:52:12,2023-11-24 15:52:12,2,,100,0,1,2023-11-24 15:52:12,R_cA58CSl6qM97YmW,,,,,,,test,,1,88,2,,8,"Id sapien, montes auctor dolor at tempus pretium vitae nibh dignissim ipsum culpa aenean. Nec.",6,9,1,,1,918,2,3,2,1,6,4,6,Neque nullam maecenas. Eu auctor malesuada consectetuer interdum ullamcorper tempor pretium rutrum commodo quam.,1,6,3,1,1,6,Mi tempus elementum ab vel cursus enim praesent vulputate dignissim mauris. Ante? Integer culpa cursus.,3,2,3,6,5,5,3,1,3,4,2,3,3,5,2,1,7,6,4,3,4,6,5,1,5,3,4,4,1,1,3,4,5,2,6,5,2,5,2,1,1,1,2,3,3,2,2,3,2,1,3,4,3,3,6,2,2,2,4,6,5,6,6,4,1,6,3,6,4,3,4,3,2,5,2,1,6,6,3,1,1,4,3,4,3,6,2,2,6,2,3,2,1,5,1,4,1,Mi pretium dolor diam sapien a scelerisque interdum sagittis lectus? Fermentum platea tortor praesent.,6,3,3,3,1,1,2,2,5,"Ullamcorper suscipit? Eros! Magnis porttitor montes primis phasellus, imperdiet mi in, dolor dignissim erat euismod.",
2023-11-24 15:52:12,2023-11-24 15:52:12,2,,100,0,1,2023-11-24 15:52:13,R_0BWXWwf87muuiJU,,,,,,,test,,1,64,2,,4,,6,11,11,"Duis fusce arcu natoque suscipit porttitor magnis? Augue odio, accusamus viverra malesuada.",1,888,6,2,2,1,1,1,4,Proin tincidunt mauris. Molestie consectetuer ridiculus! Gravida vehicula curabitur vitae.,4,3,6,1,1,6,"Dolor facilisis laoreet potenti integer! Potenti ab neque elementum, vestibulum.",1,1,1,5,3,1,7,3,2,1,4,1,6,1,4,3,7,5,2,1,6,3,6,6,2,6,2,4,5,2,3,2,6,5,6,1,5,6,6,5,2,4,2,4,4,2,3,1,1,3,2,5,5,1,4,5,6,2,6,4,6,4,3,5,4,6,2,5,3,3,1,4,6,2,3,4,3,5,6,2,4,5,4,7,4,2,3,7,3,5,3,3,2,3,1,1,4,Pede. Ut eu luctus primis? Ligula! Vestibulum tincidunt tortor potenti primis! Ligula eros facilisi.,5,4,6,6,1,1,5,1,4,Primis eu? Elit vivamus sed. Morbi ultrices. Dictumst erat curabitur facilisis mattis ultricies auctor.,
2023-11-24 15:52:13,2023-11-24 15:52:13,2,,100,0,1,2023-11-24 15:52:13,R_a30DDsVcfHH1O2a,,,,,,,test,,1,74,3,"Luctus vel integer, vehicula a. Pharetra montes suspendisse proin. Egestas vel pretium.",1,,4,7,14,"Interdum euismod! Pretium mattis. Porttitor purus, lorem porttitor sed, platea orci luctus fermentum et at.",1,816,5,4,3,3,3,6,3,Leo porttitor neque? Ultrices! At. Diam? Dolorem sit placerat nec augue sem! Egestas vivamus.,2,1,3,3,3,6,Molestie. Lectus? Porttitor. Euismod facilisi quis porta! Mauris rhoncus tincidunt vulputate aliquet. Volutpat nunc tellus.,3,3,1,3,4,6,4,2,6,5,4,2,2,1,7,3,4,5,6,5,1,3,6,2,1,1,6,5,5,2,2,1,3,3,3,5,3,1,3,2,4,2,5,6,2,2,3,2,2,2,1,5,5,5,3,1,3,1,2,4,5,3,1,6,2,4,3,1,3,5,6,3,3,5,6,3,2,6,3,5,1,4,1,6,1,2,3,7,2,2,3,2,5,4,2,5,1,Fermentum blandit faucibus nullam morbi sapien rutrum. Arcu sodales! Dolor eu massa fusce.,2,2,6,1,2,1,2,4,5,"Fermentum lectus ante potenti, ullamcorper at nulla montes. Tempus sollicitudin. Ligula massa pharetra neque. Convallis.",
2023-11-24 15:52:13,2023-11-24 15:52:13,2,,100,0,1,2023-11-24 15:52:13,R_8IDXyIN0Tst5MDY,,,,,,,test,,1,3,3,Purus vulputate volutpat neque in lacus imperdiet atque ullamcorper ultrices facilisi pretium! Pede dignissim.,7,,2,6,4,"Tempora dignissim sagittis risus metus facilisis metus? Atque montes. Atque maecenas, etiam euismod cras tempus.",1,940,3,6,2,3,1,5,5,"Culpa! Vitae nonummy urna elementum malesuada? Accusamus. Sodales, mi convallis porttitor nullam fusce iaculis.",3,3,6,5,2,6,Accumsan dictumst elit? Orci est? Interdum. Egestas dignissim sollicitudin! Luctus luctus a? Atque.,5,,,,,,,,,,,,,,,,,,,,,,,,,,,,,,,,,,,,,,,,,,,,,,,,,,,,,,,,,,,,,,,,,,,,,,,,,,,,,,,,,,,,,,,,,,,,,,,,,,,,,,,,,,,,
2023-11-24 15:52:13,2023-11-24 15:52:14,2,,100,1,1,2023-11-24 15:52:14,R_4SZyKZLRAtgdgaO,,,,,,,test,,1,10,1,,3,,5,2,9,Odio? Nulla natoque porta sollicitudin est etiam temporibus dolorem lorem.,2,1208,2,3,6,6,1,4,1,At vulputate per ridiculus? Ridiculus nullam. Aliquam egestas auctor consectetuer est! Ab.,3,4,2,6,1,2,Suscipit arcu per dolor in vivamus? Faucibus pharetra ab aliquet dignissim.,6,,,,,,,,,,,,,,,,,,,,,,,,,,,,,,,,,,,,,,,,,,,,,,,,,,,,,,,,,,,,,,,,,,,,,,,,,,,,,,,,,,,,,,,,,,,,,,,,,,,,,,,,,,,,
2023-11-24 15:52:14,2023-11-24 15:52:14,2,,100,0,1,2023-11-24 15:52:14,R_0JU3jc9mcSav0Lc,,,,,,,test,,1,7,2,,3,,5,8,11,"Convallis dui. Iaculis imperdiet in, porttitor pellentesque a orci, facilisis lacus diam blandit non porta.",1,827,3,4,5,5,3,3,4,"Luctus. In commodo commodo vehicula fringilla praesent temporibus vivamus ut, dapibus primis.",1,2,2,5,3,4,"Vitae atque volutpat facilisi, laoreet ante sed ultricies montes montes nibh interdum lectus.",4,,,,,,,,,,,,,,,,,,,,,,,,,,,,,,,,,,,,,,,,,,,,,,,,,,,,,,,,,,,,,,,,,,,,,,,,,,,,,,,,,,,,,,,,,,,,,,,,,,,,,,,,,,,,
2023-11-24 15:52:14,2023-11-24 15:52:14,2,,100,0,1,2023-11-24 15:52:14,R_3JcnHKWRIIWKQ1o,,,,,,,test,,1,35,3,Gravida dignissim iaculis. Suscipit dignissim. Lacus. Et ac scelerisque mauris wisi eget quam blandit sapien.,7,,5,5,3,Dapibus euismod sit ullamcorper consequat? Sapien aenean vehicula tempor sagittis pede facilisis leo.,1,1046,2,5,2,4,1,6,6,"Mi pellentesque nonummy vitae potenti pellentesque dolorem tortor. Sit. Molestie orci. Nibh, ipsum non.",6,4,4,4,6,1,Potenti maecenas nunc egestas in turpis massa mi faucibus magnis turpis sodales.,1,5,1,4,3,1,3,2,5,3,3,1,3,2,6,7,1,4,5,3,2,1,6,5,1,4,5,4,6,6,1,3,1,5,4,3,4,1,4,1,5,5,1,2,1,2,3,3,3,2,2,3,6,4,3,1,6,3,3,2,1,1,1,2,1,6,1,3,4,1,2,4,5,1,2,5,2,4,1,1,4,4,5,7,5,5,6,1,2,3,5,1,1,5,1,3,2,Egestas primis arcu purus ante lorem dapibus scelerisque. A malesuada. Platea gravida vitae? Tempora commodo.,4,1,5,4,2,2,1,5,3,"Risus tortor pharetra pharetra. Consequat donec sollicitudin? Atque. Sagittis, dapibus vehicula quis integer posuere.",
2023-11-24 15:52:15,2023-11-24 15:52:15,2,,100,0,1,2023-11-24 15:52:15,R_aYmt4dRgs2VYDlQ,,,,,,,test,,1,19,2,,3,,5,1,3,Tortor tincidunt massa dignissim dolorem dignissim etiam scelerisque mattis at eros nonummy. Enim? Consectetuer vehicula.,2,1031,3,6,2,1,1,6,6,"Viverra felis. Eget mi potenti eget, at nullam, donec, facilisis at eu et suscipit.",4,1,3,3,5,4,"Ridiculus ultrices per tellus purus felis pellentesque, faucibus est fermentum ante.",3,5,3,7,7,4,4,6,5,6,5,3,5,4,1,7,6,2,3,2,3,5,2,1,3,6,2,4,2,1,4,5,4,2,4,6,3,1,4,3,6,6,3,5,2,3,2,3,3,2,2,5,4,5,5,6,3,4,5,5,5,5,1,4,6,3,5,6,6,5,4,4,2,1,4,6,3,3,4,2,2,2,6,7,1,3,3,1,5,2,4,2,4,2,5,5,2,Sollicitudin viverra fusce sapien leo! Phasellus wisi. Vivamus id tortor nunc? Neque morbi orci.,2,6,3,2,1,1,2,6,2,Velit pharetra! Sollicitudin nullam ridiculus. Nonummy sit tincidunt blandit est.,
2023-11-24 15:52:15,2023-11-24 15:52:15,2,,100,0,1,2023-11-24 15:52:15,R_0H8lfBmiM1EPiu2,,,,,,,test,,1,33,2,,6,,1,3,14,"Luctus, erat arcu porta urna suspendisse. Gravida venenatis? Non fermentum magna sem velit. Eros temporibus.",1,1172,3,3,4,4,5,5,5,Nullam felis iaculis nullam massa. Dapibus placerat facilisi montes mattis nulla nec pretium dictumst.,1,6,5,1,6,2,Augue neque sodales consequat massa? In malesuada integer! Fringilla nec cursus.,1,1,2,3,6,5,4,7,3,6,4,2,3,7,5,4,1,6,2,1,4,3,2,4,3,5,2,2,1,6,2,4,1,1,2,6,5,5,1,3,5,6,5,6,4,1,1,3,3,1,2,3,3,4,3,3,5,2,2,5,4,5,1,3,6,5,6,4,3,6,4,4,1,3,2,4,1,3,4,3,3,4,3,5,6,4,4,2,3,3,1,2,3,2,4,2,3,"Vel. Pharetra euismod vehicula a venenatis urna? Ab imperdiet blandit sodales, posuere.",6,5,4,5,1,2,6,3,1,Praesent. Pellentesque accumsan scelerisque pede augue ullamcorper velit ligula lectus vitae pretium nec ultricies? Nonummy.,
2023-11-24 15:52:15,2023-11-24 15:52:16,2,,100,1,1,2023-11-24 15:52:16,R_5d8pA71Ttwc1AdE,,,,,,,test,,1,50,1,,4,,1,9,4,"Ultrices volutpat consequat lorem consectetuer, est sodales aliquet pretium culpa, nullam.",2,902,2,3,4,5,3,4,1,"Facilisis turpis, sit scelerisque accusamus ante massa? Praesent! Porta facilisi? Sodales.",2,5,2,1,4,4,Placerat culpa imperdiet massa lacus lectus sed eget pede dolorem aenean! Sem ultrices. Felis.,6,5,1,5,3,7,7,2,1,6,4,4,1,2,6,7,5,3,4,6,1,1,4,5,4,4,4,6,4,3,2,6,2,4,4,2,6,5,4,3,4,4,4,6,6,3,1,3,1,3,1,1,4,3,5,6,4,1,3,2,1,4,5,3,1,1,6,5,4,5,4,6,1,1,2,6,4,4,3,4,4,3,6,1,5,2,1,2,6,3,2,4,4,3,3,5,5,Eget mi suscipit fermentum vehicula pellentesque sed molestie egestas nunc! At non? Gravida tempus porttitor.,6,3,5,2,1,1,2,4,1,Dignissim eleifend a neque euismod! Sapien? Integer wisi purus lacus montes malesuada. Tellus per.,
2023-11-24 15:52:16,2023-11-24 15:52:16,2,,100,0,1,2023-11-24 15:52:16,R_78qW07Iz16WDPSe,,,,,,,test,,1,45,2,,6,,1,12,13,Tempus. Vivamus augue dapibus tincidunt orci. Montes. Non sit sagittis blandit curabitur. Sodales neque.,2,1028,3,1,1,4,5,2,2,"Aenean suspendisse. Ut consequat leo tincidunt commodo auctor, sodales sed.",5,1,4,2,3,6,Volutpat convallis elementum etiam est elit? Volutpat. Maecenas! Purus nonummy suscipit.,1,1,2,2,5,2,4,6,2,1,4,5,7,6,2,1,5,4,3,1,6,5,5,5,5,4,4,6,3,3,4,1,3,2,3,2,5,5,2,2,5,3,1,6,5,3,2,3,1,3,1,1,3,3,4,6,3,3,3,5,2,5,5,2,4,2,3,5,4,3,3,6,3,3,2,3,4,2,1,1,6,4,3,6,2,1,6,6,3,5,3,2,1,3,5,4,4,Quis! Molestie scelerisque praesent! Quam pretium justo facilisi suscipit eleifend aliquet ullamcorper mauris eu porttitor.,3,2,5,4,1,1,5,1,4,Sit cursus donec ipsum lacus nibh! Orci duis vulputate non sapien imperdiet sodales tempor dignissim.,
2023-11-24 15:52:16,2023-11-24 15:52:16,2,,100,0,1,2023-11-24 15:52:16,R_7QX9Azg2m2kZAlo,,,,,,,test,,1,57,1,,4,,6,8,8,Platea non molestie phasellus magna justo mi platea ultricies mi? Odio commodo cras.,3,1102,5,6,5,4,6,3,2,Ultricies ridiculus mattis ridiculus eleifend nunc. Consequat ultrices cras montes.,3,2,3,4,1,2,Id suscipit. Tellus auctor ut leo cras. Atque aenean primis justo.,3,6,2,7,3,1,7,4,4,1,2,4,4,1,3,2,5,6,7,4,5,1,6,1,6,3,6,2,6,5,5,1,1,6,6,4,5,3,2,4,2,6,6,6,2,1,3,1,2,2,3,3,4,6,6,2,6,2,4,1,4,5,2,3,3,5,2,6,4,1,2,4,2,2,5,3,5,5,5,1,5,3,2,7,3,4,5,4,2,2,5,3,3,2,3,1,1,"Potenti a, eros facilisi volutpat pretium etiam ipsum mi? Gravida quis? Consequat.",5,3,3,2,1,2,6,1,6,"Gravida porttitor rhoncus! Rhoncus vehicula pellentesque tincidunt convallis cras id dolorem rutrum, eros. Cras pellentesque.",
2023-11-24 15:52:17,2023-11-24 15:52:17,2,,100,0,1,2023-11-24 15:52:17,R_20s7DWGg69jB2J0,,,,,,,test,,1,47,2,,3,,1,2,7,"Et bibendum? Tempor in euismod maecenas, sapien sapien metus quam nec.",1,1040,3,3,6,1,5,6,4,"Per. Phasellus? Malesuada potenti velit! Sapien. Atque vel, ante aliquam dolor vivamus.",2,4,6,5,5,3,Odio dolor integer velit praesent amet lacus. Pharetra ridiculus. Facilisi. Consectetuer natoque.,6,4,1,1,4,4,5,3,1,5,5,3,2,4,3,5,6,1,7,4,1,1,1,3,4,5,1,5,4,2,4,5,6,5,4,3,6,2,2,3,4,3,1,5,1,3,1,1,2,3,2,6,5,3,1,2,4,3,4,3,2,6,6,1,6,2,6,5,2,6,2,6,1,6,1,5,5,1,6,2,6,3,6,7,4,2,1,1,1,4,4,3,1,2,3,5,2,Posuere ligula platea phasellus tempora consequat tempus ligula fermentum montes volutpat faucibus felis orci.,5,5,2,5,2,2,2,1,6,Vitae suscipit ligula. Luctus consectetuer! In! Nunc placerat elit sodales.,
2023-11-24 15:52:17,2023-11-24 15:52:17,2,,100,0,1,2023-11-24 15:52:17,R_b8IRWkwcPfGVoCa,,,,,,,test,,1,41,3,"Per. Et morbi, cras, duis. Dignissim. Primis justo sed a quis gravida atque tempora aliquam.",8,Leo dictumst accumsan posuere. Suscipit scelerisque ultricies eleifend ridiculus ut commodo volutpat.,5,12,12,Metus ac! Dui magnis consectetuer vehicula velit etiam id metus. Felis.,2,807,4,4,6,4,1,3,3,Ullamcorper porta id elit molestie! Purus eros erat per vestibulum consequat.,3,2,1,5,5,1,Pretium faucibus ullamcorper posuere sed. Vitae elementum! Justo! Duis accusamus euismod.,1,1,1,3,6,6,3,7,5,6,6,6,3,4,2,1,6,5,7,5,6,2,5,6,2,4,6,2,1,2,4,6,2,4,1,3,3,6,6,3,2,2,5,4,2,2,3,2,3,1,3,1,3,4,5,2,2,6,1,2,4,5,6,3,5,4,6,2,3,3,1,2,1,3,2,6,1,5,1,5,2,6,3,4,6,4,4,5,3,1,3,5,5,3,2,3,5,"Dolor orci per mauris curabitur vulputate velit tincidunt vivamus? In magnis! Luctus, per! Nec.",3,3,2,4,1,1,3,1,6,Pretium metus per tempus pellentesque a risus urna lorem mattis. Eros accusamus primis.,
2023-11-24 15:52:17,2023-11-24 15:52:17,2,,100,0,1,2023-11-24 15:52:18,R_dhAlu7b0KdcRDfw,,,,,,,test,,1,16,1,,4,,5,12,12,Sagittis id eu tortor? Commodo etiam tempus commodo phasellus pellentesque ac eleifend.,1,834,5,5,6,4,3,2,5,"Tempor nibh leo ultricies, tincidunt diam pede sem wisi pede risus.",3,1,2,4,6,3,"A integer venenatis tincidunt, integer etiam ante tortor. At! Proin maecenas augue sed placerat? Luctus.",3,,,,,,,,,,,,,,,,,,,,,,,,,,,,,,,,,,,,,,,,,,,,,,,,,,,,,,,,,,,,,,,,,,,,,,,,,,,,,,,,,,,,,,,,,,,,,,,,,,,,,,,,,,,,
2023-11-24 15:52:18,2023-11-24 15:52:18,2,,100,0,1,2023-11-24 15:52:18,R_6WIzi39hS8TtvOS,,,,,,,test,,1,88,2,,5,,4,2,10,"Auctor, sed morbi atque ridiculus dignissim sollicitudin enim nec lacus integer sollicitudin lorem pharetra.",1,1097,5,3,6,6,3,1,3,Mauris eleifend eros morbi massa! Accumsan? Pharetra arcu nonummy duis non tellus tincidunt vulputate.,5,2,1,6,6,2,Orci? Ante dapibus culpa sodales. Ultricies nibh lacus velit pede nulla.,3,4,3,7,1,4,2,2,7,2,7,2,3,4,2,5,1,7,6,6,1,4,2,1,6,5,5,2,4,3,6,1,5,4,1,3,4,5,6,5,2,5,4,2,2,3,2,3,2,1,2,1,4,1,3,4,4,3,3,3,4,2,5,2,5,3,2,6,5,6,5,6,6,5,2,3,6,2,4,3,3,2,6,5,2,4,4,2,5,3,4,3,3,5,3,2,4,"Enim? Amet! Erat dictumst potenti est phasellus elementum? Quam, suscipit.",3,1,6,4,2,2,1,4,1,Risus accusamus suspendisse erat justo etiam dolorem? Vivamus praesent eget curabitur phasellus phasellus volutpat.,
2023-11-24 15:52:18,2023-11-24 15:52:18,2,,100,0,1,2023-11-24 15:52:18,R_dgVq2AzyZgDVf94,,,,,,,test,,1,57,1,,7,,4,6,9,"Euismod. Gravida. Ullamcorper dolor nec laoreet tempor massa vel, dolor magnis? Metus potenti aliquet.",1,976,4,3,1,1,5,4,2,Magna imperdiet. Volutpat pede natoque viverra augue tellus? Dui imperdiet proin pretium imperdiet tincidunt! Rhoncus.,6,4,5,5,2,2,Non orci placerat nullam sagittis facilisi imperdiet quis! Duis erat accusamus platea.,6,5,3,7,1,2,6,1,2,3,4,2,5,2,4,3,1,7,6,3,4,1,4,6,3,4,3,1,6,4,2,2,3,3,4,1,1,3,1,1,4,2,6,6,5,1,2,3,1,3,2,1,1,1,6,5,3,4,6,3,2,6,5,2,3,5,1,4,1,6,2,5,3,6,6,6,4,1,4,5,2,6,3,3,5,3,2,6,4,1,5,1,4,5,3,2,3,Viverra! Magnis ac montes. Facilisis nullam maecenas urna nullam lectus consequat nunc magna.,3,5,1,1,1,1,4,1,4,"Porttitor eros luctus? Vulputate viverra. Enim urna quis quam egestas, phasellus sagittis dui eros eget.",
2023-11-24 15:52:19,2023-11-24 15:52:19,2,,100,0,1,2023-11-24 15:52:19,R_exncbba0gNruAlg,,,,,,,test,,1,1,3,"Magnis posuere suspendisse atque a natoque ut. Non, eu eros rutrum! Sapien ac.",6,,1,6,13,Pede a suspendisse. Dignissim in. Felis duis euismod convallis a culpa.,3,1044,6,1,5,3,1,2,6,"Felis turpis consequat? Suspendisse quis. Euismod, dapibus luctus nonummy malesuada. Platea? Quis primis iaculis.",1,5,1,5,6,5,"Ultricies, nec amet! Faucibus montes facilisi tincidunt luctus magna donec orci eget neque.",6,,,,,,,,,,,,,,,,,,,,,,,,,,,,,,,,,,,,,,,,,,,,,,,,,,,,,,,,,,,,,,,,,,,,,,,,,,,,,,,,,,,,,,,,,,,,,,,,,,,,,,,,,,,,
2023-11-24 15:52:19,2023-11-24 15:52:19,2,,100,0,1,2023-11-24 15:52:19,R_3OcSB798OUusKWi,,,,,,,test,,1,81,1,,3,,3,1,1,,2,1103,5,2,6,5,1,2,5,Ultricies at tincidunt convallis! Per vestibulum sem risus dui quam mi convallis bibendum tempor consectetuer.,4,6,5,6,2,1,Tincidunt tortor suspendisse magna neque interdum natoque magna. Elit enim duis viverra etiam a rhoncus.,3,6,3,3,7,5,4,3,1,1,5,6,2,6,4,1,5,7,3,6,1,3,4,2,6,2,2,5,5,3,3,4,5,3,2,2,2,5,5,4,5,2,6,6,2,2,2,1,1,1,1,5,6,3,5,6,2,4,5,3,2,6,2,3,2,1,6,3,2,2,5,1,1,5,6,6,4,3,6,3,3,5,5,6,6,4,4,5,3,2,5,1,1,3,3,1,3,Sapien dignissim in. Per dolorem purus. Magnis facilisis laoreet? Purus? Fringilla.,3,1,1,2,2,2,5,3,1,"Consequat ante odio cursus, ultricies. Tempor pretium bibendum. Neque! Velit, eu bibendum blandit.",
2023-11-24 15:52:19,2023-11-24 15:52:19,2,,100,0,1,2023-11-24 15:52:20,R_4TrNX9j7nLefhOK,,,,,,,test,,1,78,2,,6,,5,6,13,Rhoncus velit mattis eu iaculis temporibus a facilisi phasellus vulputate.,3,1014,1,3,1,3,4,1,6,Convallis elementum rhoncus? Sem molestie euismod suspendisse viverra. Cursus. Viverra.,5,3,3,2,5,4,Convallis morbi fusce a culpa luctus eget suscipit integer pharetra. Vel.,3,6,1,1,3,4,1,1,1,4,5,7,6,3,4,1,2,5,7,2,5,2,1,5,4,6,2,6,1,5,4,5,4,4,6,5,6,6,2,1,6,1,1,3,1,1,3,1,1,3,2,2,3,6,4,6,1,5,1,1,3,4,6,1,6,3,4,6,6,1,6,6,1,3,4,1,4,4,6,4,5,3,1,4,5,5,2,4,2,2,4,2,5,1,4,2,3,Elementum convallis elit pharetra curabitur ipsum. Auctor? Eu lectus ultricies.,2,5,2,2,1,2,3,2,1,A curabitur pretium lorem nibh laoreet massa sollicitudin eget? Ligula dolorem eros. Accumsan. Magna.,
2023-11-24 15:52:20,2023-11-24 15:52:20,2,,100,0,1,2023-11-24 15:52:20,R_8uYocSd9gmqfzka,,,,,,,test,,1,52,1,,3,,2,10,6,Tortor! Primis laoreet felis commodo vehicula mi tortor luctus duis wisi maecenas faucibus ligula lorem.,2,973,6,2,1,5,3,1,4,Purus wisi? Duis fusce eros laoreet. Et posuere urna id tempus nulla ante.,3,3,6,5,3,4,"Erat interdum, posuere. Vestibulum sit. Orci? Sed. Fermentum mi dolor.",3,1,2,5,6,6,3,4,4,1,2,5,5,6,7,1,4,2,3,5,5,5,1,1,2,6,3,5,3,1,4,6,1,6,3,3,4,3,5,5,1,2,3,6,3,3,2,1,1,1,1,6,1,4,3,4,5,6,6,4,5,1,5,6,1,3,2,3,1,2,4,1,1,3,2,6,2,6,1,4,1,6,6,1,5,2,4,6,4,2,4,4,3,2,4,5,4,"Dignissim, a. Ante? Tincidunt? Wisi ante? Wisi consequat temporibus praesent odio! Sed imperdiet.",6,3,6,2,2,2,3,1,3,"Accusamus accusamus, aliquam scelerisque. Sit diam posuere scelerisque aenean, accumsan fringilla venenatis molestie. Vestibulum.",
2023-11-24 15:52:20,2023-11-24 15:52:20,2,,100,0,1,2023-11-24 15:52:20,R_b4ls7SbRz9hbeWW,,,,,,,test,,1,36,2,,6,,6,12,12,Leo eros purus eleifend molestie egestas magna? Risus fermentum elit consequat atque.,3,1035,3,1,5,2,1,5,1,Dapibus vehicula placerat ut lacus risus euismod? Integer proin sapien. Porttitor etiam commodo.,1,6,6,1,1,1,"Primis. Viverra, platea sagittis? Arcu molestie laoreet ultrices ac imperdiet egestas ullamcorper augue.",6,4,1,3,4,7,4,3,5,4,7,2,6,2,4,1,5,3,7,5,6,5,5,6,5,2,1,1,2,3,6,3,6,3,6,6,5,6,1,1,3,2,1,5,1,2,2,1,3,3,2,6,5,4,5,5,1,5,1,3,4,1,1,4,4,3,6,6,4,4,6,4,3,1,2,4,3,6,4,3,5,5,5,3,4,5,2,3,2,2,5,1,5,2,2,5,5,Sit est luctus pellentesque ac convallis. Vestibulum per leo vestibulum sit interdum.,1,2,3,1,2,1,2,5,3,Fringilla tempora? Morbi sem auctor. Consectetuer porttitor rutrum sodales turpis fermentum potenti viverra eleifend.,
2023-11-24 15:52:21,2023-11-24 15:52:21,2,,100,0,1,2023-11-24 15:52:21,R_eVDVJSceUcgh4lU,,,,,,,test,,1,55,3,Iaculis sem dictumst erat ultricies mauris ipsum cras curabitur laoreet consequat at molestie suscipit.,5,,1,4,8,Etiam wisi leo. Tortor pharetra. Rhoncus vestibulum temporibus sit? Bibendum arcu.,2,873,2,3,5,1,4,3,4,"In. Elementum enim culpa elementum nullam ut, tempor? Sodales ante mattis nibh commodo.",5,2,6,2,5,5,Euismod non quis massa. Pharetra. Aliquet nonummy porta amet tortor ligula.,5,5,3,2,6,5,7,2,5,2,7,3,2,4,1,6,5,7,3,1,5,5,6,1,5,5,5,5,1,6,4,4,1,5,4,6,1,1,6,4,2,6,2,6,1,1,2,3,2,1,3,2,3,4,5,1,5,3,6,1,4,5,5,5,5,5,3,5,5,1,2,1,4,6,1,4,1,3,5,3,6,1,1,3,3,1,1,7,1,5,1,2,5,2,3,5,1,Felis. Ut dignissim non interdum eleifend atque viverra felis! Ligula? Nec.,5,4,3,1,1,1,6,2,5,Pharetra curabitur montes? Felis. Pellentesque dolor. Et? Metus sapien rhoncus culpa tortor etiam. Culpa odio.,
2023-11-24 15:52:21,2023-11-24 15:52:21,2,,100,0,1,2023-11-24 15:52:21,R_07HtI3abCzUO2A6,,,,,,,test,,1,68,2,,2,,6,4,15,Sed natoque urna volutpat facilisis dapibus suspendisse euismod tempus per dapibus rhoncus eros nulla ridiculus.,3,1056,3,1,5,4,2,3,2,Nunc fringilla neque turpis at accumsan vestibulum ipsum porttitor culpa.,1,5,5,1,1,1,"Consectetuer bibendum accumsan, massa aliquam, quis turpis consectetuer, proin turpis platea. Rhoncus tempora fusce.",2,3,1,2,7,5,6,7,6,4,7,2,1,4,5,6,2,7,3,6,1,4,4,5,4,5,5,2,1,5,4,6,6,5,3,2,5,2,1,1,3,1,4,4,4,1,2,3,2,2,1,6,2,4,5,2,2,4,6,2,3,1,6,5,6,6,5,6,1,3,1,6,4,1,5,3,1,3,3,1,3,1,4,2,1,1,6,6,4,3,3,2,2,3,5,5,3,Pharetra! Ipsum! Phasellus risus porttitor fermentum erat curabitur. Eget dapibus accumsan? Auctor felis dolor.,2,6,4,1,1,1,1,6,2,"Sollicitudin nulla, urna fermentum interdum viverra mi etiam fringilla enim.",
2023-11-24 15:52:21,2023-11-24 15:52:21,2,,100,0,1,2023-11-24 15:52:21,R_3WTlqsLoegVKTMW,,,,,,,test,,1,11,3,Volutpat ipsum amet neque phasellus in eu massa vestibulum sollicitudin.,2,,5,7,7,Sagittis malesuada erat felis ridiculus integer atque primis sapien magna purus dignissim.,3,978,6,1,2,3,3,5,3,Magnis tempor cursus. Egestas! Atque sem justo arcu. Lacus blandit dui leo lectus.,4,5,5,5,3,2,"Nulla bibendum. Sagittis euismod mauris! Fermentum turpis. Lectus elementum fringilla, potenti.",3,,,,,,,,,,,,,,,,,,,,,,,,,,,,,,,,,,,,,,,,,,,,,,,,,,,,,,,,,,,,,,,,,,,,,,,,,,,,,,,,,,,,,,,,,,,,,,,,,,,,,,,,,,,,
2023-11-24 15:52:22,2023-11-24 15:52:22,2,,100,0,1,2023-11-24 15:52:22,R_6VUT0zaXWKomrZk,,,,,,,test,,1,83,3,Fusce sapien magna quam mattis cras? Duis suscipit imperdiet maecenas scelerisque.,3,,6,9,9,"Blandit elit! Elit purus tempora. Vel justo maecenas. Vel, cursus odio est. Facilisis blandit wisi.",2,969,5,5,6,2,6,3,3,Pede consequat integer. Commodo non accumsan facilisi metus. Blandit eros. Scelerisque nibh nullam.,4,4,4,6,6,3,"Donec dui! Mauris curabitur velit. Facilisis magnis tempor curabitur tempor bibendum vitae? Iaculis, egestas quam.",4,3,3,5,1,3,6,1,4,4,5,5,2,6,1,3,4,5,7,6,4,5,5,5,1,2,4,3,5,2,4,6,2,6,3,5,1,1,1,2,2,2,5,4,6,3,2,3,2,1,1,2,2,5,1,5,2,6,6,3,4,3,4,3,2,2,4,4,1,4,4,5,2,5,2,1,5,4,4,1,6,5,6,1,4,2,4,7,2,2,5,4,5,3,1,3,5,Ipsum porttitor velit scelerisque cursus sem accusamus facilisi lacus? Malesuada! Nunc.,4,4,5,4,2,1,1,4,3,Eu enim natoque sodales ipsum dignissim odio risus felis eros elit eleifend. Purus porta.,
